Localidad,id_Localidad
1 De Agosto,0
11 De Septiembre,1
11 de Octubre,2
12 de Octubre,3
16 de Julio,4
17 de Agosto,5
1º de Mayo,6
20 De Junio,7
25 de Mayo,8
28 de Julio,9
28 de Noviembre,10
3 de Mayo,11
30 de Agosto,12
5Ta Brigada,13
7 de Abril,14
9 De Abril,15
9 de Julio,16
9 de Julio (Est. Pueblo 9 de Julio),17
9 de Julio Kilómetro 20,18
AGRONOMIA,19
ALMAGRO,20
ALPASINCHE,21
ALTO VERDE,22
Aarón Castellanos (Est. Castellanos),23
Abasto,24
Abbott,25
Abdón Castro Tolay,26
Abra Grande,27
Abra Pampa,28
Abralaite,29
Abramo,30
Acassuso,31
Acceso Norte,32
Acebal,33
Acevedo,34
Acheral,35
Achiras,36
Aconquija,37
Acoyte,38
Adelia María,39
Adolfo E. Carranza,40
Adolfo Gonzales Chaves (Est. Chaves),41
Adolfo Van Praet,42
Adrogué,43
Aerolito,44
Aeropuerto Internacional Ezeiza,45
Agrelo,46
Agua Escondida,47
Agua de Castilla,48
Agua de Oro,49
Aguada Cecilio,50
Aguada Guzmán,51
Aguada San Roque,52
Aguada de Guerra,53
Aguaray,54
Aguará Grande,55
Aguas Blancas,56
Aguas Calientes,57
Aguas Verdes,58
Aguilares,59
Agustina,60
Agustoni,61
Agustín Mosconi,62
Agustín Roca,63
Aicuña,64
Aimogasta,65
Alba Posse,66
Albarellos,67
Alberdi,68
Alberdi Viejo,69
Alberti (Est. Andrés Vaccarezza),70
Alcira (Est. Gigena),71
Alcorta,72
Aldao,73
Aldao (Est. Casablanca),74
Aldea Apeleg,75
Aldea Asunción,76
Aldea Beleiro,77
Aldea Brasilera,78
Aldea Epulef,79
Aldea Escolar,80
Aldea Grapschental,81
Aldea María Luisa,82
Aldea Protestante,83
Aldea Salto,84
Aldea San Antonio,85
Aldea San Francisco,86
Aldea San Juan,87
Aldea San Rafael,88
Aldea Santa María,89
Aldea Santa Rosa,90
Aldea Spatzenkutter,91
Aldea Valle María,92
Alderetes,93
Aldo Bonzi,94
Alejandra,95
Alejandro Korn,96
Alejandro Petión,97
Alejandro Roca (Est. Alejandro),98
Alejo Ledesma,99
Alfredo Demarchi (Est. Facundo Quiroga),100
Algarrobo del Águila,101
Alhuampa,102
Alicia,103
Alicia Baja,104
Alijilán,105
Allen,106
Almafuerte,107
Almirante Brown,108
Alpa Corral,109
Alpachiri,110
Alta Gracia,111
Alta Italia,112
Altamirano,113
Altamirano Sur,114
Alto Alegre,115
Alto Carrizal,116
Alto De Las Juntas,117
Alto De Sierra,118
Alto Los Cardales,119
Alto Pelado,120
Alto Pencoso,121
Alto Río Senguer,122
Alto Salvador,123
Alto Verde,124
Alto de Sierra,125
Alto de la Sierra,126
Alto de los Quebrachos,127
Altos de Chipión,128
Aluminé,129
Alvarez Jonte,130
Alvarez de Toledo,131
Alvear,132
Amadores,133
Amaicha del Valle,134
Amanao,135
Amaná,136
Ambil,137
Amboy,138
Ambrosetti,139
Ambul,140
Amenábar,141
Aminga,142
Ampascachi,143
Amuschina,144
América,145
Ana Zumarán,146
Ancaján,147
Ancasti,148
Anchorena,149
Andacollo,150
Andalgalá,151
Andalhualá,152
Andant,153
Andolucas,154
Andrade,155
Angastaco,156
Angel Etcheverry,157
Angel Gallardo,158
Angeloni,159
Angualasto,160
Anguil,161
Anguinan,162
Angulos,163
Angélica,164
Anillaco,165
Animaná,166
Anisacate,167
Anjullón,168
Anquincila,169
Antajé,170
Antelo,171
Antilla,172
Antinaco,173
Antofagasta de la Sierra,174
Antofalla,175
Antonio Carboni,176
Anzoategui,177
Aparicio,178
Aparzo,179
Apolinario Saravia,180
Apoyaco,181
Apóstoles,182
Arana,183
Aranguren,184
Arata,185
Arauco,186
Arbilla,187
Arbol Solo,188
Arboledas,189
Arcadia,190
Ardiles,191
Area De Promocion El Triángulo,192
Area Reserva Cinturón Ecológico,193
Arelauquen,194
Arenas Verdes,195
Arenaza,196
Arequito,197
Argentina,198
Argerich,199
Arias,200
Ariel,201
Aristóbulo del Valle,202
Arizona,203
Arminda,204
Armstrong,205
Arocena,206
Arrayanal,207
Arrecifes,208
Arribeños,209
Arroyito,210
Arroyo Aguiar,211
Arroyo Algodón,212
Arroyo Barú,213
Arroyo Cabral,214
Arroyo Ceibal,215
Arroyo Colorado,216
Arroyo Corto,217
Arroyo Dulce,218
Arroyo Leyes,219
Arroyo Los Berros,220
Arroyo Los Patos,221
Arroyo Martínez,222
Arroyo San Antonio,223
Arroyo Seco,224
Arroyo Venado,225
Arroyo Ventana,226
Arroyo Verde,227
Arroyo de la Cruz,228
Arroyo del Medio,229
Arrufo,230
Arteaga,231
Arturo Segui,232
Asamblea,233
Ascensión,234
Ascochinga,235
Assunta,236
Astica,237
Astra,238
Atahona,239
Atalaya,240
Ataliva,241
Ataliva Roca,242
Atlantida,243
Atocha,244
Aurelia,245
Ausonia,246
Avellaneda,247
Avellaneda (Est. Ewald),248
Averías,249
Avia Terai,250
Ayacucho,251
Azara,252
Azcuénaga,253
Azopardo,254
Azul,255
Añatuya,256
Añelo,257
BALVANERA,258
BARRACAS,259
BELGRANO,260
BERMEJO,261
BOCA,262
BOEDO,263
BUENA NUEVA,264
Bagual,265
Bahía Blanca,266
Bahía Bustamante,267
Bahía Creek,268
Bahía San Blas,269
Baigorrita,270
Bajada del Agrio,271
Bajo Caracoles,272
Bajo Carrizal,273
Bajo De Veliz,274
Bajo Hondo,275
Bajo San Cayetano,276
Balcarce,277
Balde,278
Balde De Azcurra,279
Balde De Escudero,280
Balde De La Isla,281
Balde De Los Torres,282
Balde Del Carmen,283
Balde Retamo,284
Balde de la Punta,285
Balde del Rosario,286
Baldecito De La Pampa,287
Ballesteros,288
Ballesteros Sur,289
Balnearia,290
Balneario La Verde,291
Balneario Laguna de Gómez,292
Balneario Marisol,293
Balneario Monje,294
Balneario Orense,295
Balneario Pehuen Co,296
Balneario San Cayetano,297
Balneario Sauce Grande,298
Bananal,299
Banco Payaguá,300
Banda de Lucero,301
Banda del Río Salí,302
Bandera,303
Bandera Bajada,304
Banderaló,305
Banfield,306
Baradero,307
Barda del Medio,308
Bardas Blancas,309
Bario Ita,310
Barker,311
Barra Concepción,312
Barranca Alta,313
Barranca Larga,314
Barrancas,315
Barranqueras,316
Barreal,317
Barreal - Villa Pituil,318
Barrio 12 de Octubre,319
Barrio 25 De Mayo,320
Barrio Adina I Y Ii,321
Barrio Aeropuerto,322
Barrio Alto del Olvido,323
Barrio America Unida,324
Barrio Araujo,325
Barrio Arroyo del Medio,326
Barrio Bancario,327
Barrio Banco Provincia,328
Barrio Belgrano Norte,329
Barrio Belgrano-Máximo Paz,330
Barrio Blanco,331
Barrio Caima,332
Barrio Caleta Cordova,333
Barrio Caleta Olivares,334
Barrio Calle Ciega Nº10,335
Barrio Calle Ciega Nº6,336
Barrio Campos El Toledano,337
Barrio Canale,338
Barrio Carrasco,339
Barrio Casa Rosada,340
Barrio Castelli,341
Barrio Chacra Monte,342
Barrio Chivilcoy,343
Barrio Cicarelli,344
Barrio Ciudadela,345
Barrio Colinas Verdes,346
Barrio Colonia Conesa,347
Barrio Cooperativa Los Campamentos,348
Barrio Costa Este,349
Barrio Costa Linda,350
Barrio Costa Oeste,351
Barrio Cuatro Bocas,352
Barrio Destacamento,353
Barrio Echeverria,354
Barrio El Boquerón,355
Barrio El Carmen (Este),356
Barrio El Carmen Oeste,357
Barrio El Casal,358
Barrio El Cepillo,359
Barrio El Congreso,360
Barrio El Coyunco,361
Barrio El Cruce,362
Barrio El Labrador,363
Barrio El Maruchito,364
Barrio El Milagro,365
Barrio El Mirador,366
Barrio El Nevado,367
Barrio El Pacaá - Barrio Comipini,368
Barrio El Peligro,369
Barrio El Petróleo,370
Barrio El Pilar,371
Barrio El Taladro,372
Barrio El Treinta,373
Barrio Emanuel,374
Barrio Emergente,375
Barrio Empleados de Comercio,376
Barrio Escuela 461,377
Barrio Escuela 633,378
Barrio Esperanza,379
Barrio Finca La Maroma,380
Barrio Frontera,381
Barrio Fátima,382
Barrio Gambier,383
Barrio Gasoducto,384
Barrio Gilbert,385
Barrio Goretti,386
Barrio Guatambu,387
Barrio Guemes,388
Barrio Guerrico,389
Barrio Intendencia,390
Barrio Isla 10,391
Barrio Jesús de Nazaret,392
Barrio Jocolí II,393
Barrio Justo P. Castro IV,394
Barrio Kennedy,395
Barrio La Barda,396
Barrio La Costa,397
Barrio La Defensa,398
Barrio La Esperanza,399
Barrio La Estación,400
Barrio La Gloria,401
Barrio La Herradura,402
Barrio La Lor,403
Barrio La Palmera,404
Barrio La Pega,405
Barrio La Ribera - Barrio APYCAR,406
Barrio La Rotonda,407
Barrio La Unión,408
Barrio Lagunas de Bartoluzzi,409
Barrio Laprida,410
Barrio Las Angustias,411
Barrio Las Casuarinas,412
Barrio Las Golondrinas,413
Barrio Las Malvinas,414
Barrio Las Margaritas,415
Barrio Las Quintas,416
Barrio Las Rosas,417
Barrio Las Tunas,418
Barrio Lomas Altas,419
Barrio Lomas de Tafí,420
Barrio Los Bosquecitos,421
Barrio Los Charabones,422
Barrio Los Jarilleros,423
Barrio Los Olivos,424
Barrio Los Olmos,425
Barrio Los Pinares,426
Barrio Los Pioneros,427
Barrio Luisillo,428
Barrio Manantial Rosales,429
Barrio Mar del Plata,430
Barrio María Auxiliadora,431
Barrio María Elvira,432
Barrio Militar - Aeropuerto Militar,433
Barrio Mitre,434
Barrio Molina Cabrera,435
Barrio Mosconi,436
Barrio Moño Azul,437
Barrio Municipal,438
Barrio Mutual San Martín,439
Barrio Norte (municipio de Cinco Saltos),440
Barrio Norte (municipio de Cipolletti),441
Barrio Ntra. Sra. De Fátima,442
Barrio Nuevo Garupa,443
Barrio Nuevo Río Ceballos,444
Barrio Parada 14,445
Barrio Parque Almirante Irizar (Ap. Kilómetro 61),446
Barrio Parque General San Martin,447
Barrio Parque Las Acacias,448
Barrio Perdriel IV,449
Barrio Pinar,450
Barrio Pino Azul,451
Barrio Planta Compresora de Gas,452
Barrio Porvenir,453
Barrio Presidente Perón,454
Barrio Primavera,455
Barrio Prospero Palazzo,456
Barrio Puente 83,457
Barrio Puente De Madera,458
Barrio Restinga Ali,459
Barrio Rivadavia,460
Barrio Rodriguez Peña,461
Barrio Ruca Luhé,462
Barrio Rural,463
Barrio Ruta 24 Kilómetro 10,464
Barrio Ruta 40,465
Barrio Río Salado,466
Barrio Saavedra,467
Barrio Sadop,468
Barrio San Cayetano,469
Barrio San Felipe,470
Barrio San Jorge,471
Barrio San José III,472
Barrio Santa Isabel,473
Barrio Santa Lucia,474
Barrio Santa Paula,475
Barrio Santa Rita,476
Barrio Santa Rosa,477
Barrio Santa Teresita,478
Barrio Sarmiento,479
Barrio Tres Luces,480
Barrio Tungoil,481
Barrio U.T.A. II,482
Barrio Universitario,483
Barrio Unión,484
Barrio Villa S.U.P.E.,485
Barrio Villa del Parque,486
Barrio Virgen del Rosario,487
Barrio de los Pescadores,488
Barrio del Lago,489
Barrios,490
Barrios Acapulco y Veracruz,491
Bartolomé de las Casas,492
Basail,493
Basavilbaso,494
Base Belgrano Ii,495
Base Brown,496
Base Carlini,497
Base Esperanza,498
Base Marambio,499
Base Matienzo,500
Base Orcadas,501
Base San Martin,502
Batavia,503
Batán,504
Bauer y Sigel,505
Bayauca,506
Bañado de Ovanta,507
Bañado de Soto,508
Bañado de los Pantanos,509
Beazley,510
Beccar,511
Belen de Escobar,512
Bell Ville,513
Bella Estancia,514
Bella Italia,515
Bella Vista,516
Bellocq,517
Beltrán,518
Belén,519
Benavídez,520
Bengolea,521
Benitez,522
Benito Juárez (Est. Juárez),523
Benito Legeren,524
Benjamín Gould,525
Beravebú,526
Berazategui,527
Berazategui Oeste,528
Berdier,529
Berisso,530
Bermejito,531
Bermejo,532
Bermúdez,533
Berna,534
Bernal,535
Bernal Oeste,536
Bernardo Larroude,537
Bernardo de Irigoyen,538
Bernardo de Irigoyen (Est. Irigoyen),539
Bernasconi,540
Berrotarán,541
Berutti,542
Berón de Astrada,543
Betbeder,544
Bialet Massé,545
Bigand,546
Billinghurst,547
Blancagrande,548
Blanco Encalada,549
Blancuntre,550
Blaquier,551
Boca Del Tigre,552
Bocayuva,553
Bombal,554
Bonpland,555
Bordenave,556
Bosques,557
Boulogne Sur Mer,558
Bouquet,559
Bouwer,560
Bovril,561
Bowen,562
Bragado,563
Brea Pozo,564
Brinkmann,565
Buen Orden,566
Buen Pasto,567
Buena Esperanza,568
Buena Vista,569
Buenos Aires Chico,570
Bulnes,571
Burzaco,572
Bustinza,573
Buta Ranquil,574
Bárcena,575
CABALLITO,576
CARRODILLA,577
CHACARITA,578
CHACRAS DE CORIA,579
COGHLAN,580
COLEGIALES,581
COLONIA SEGOVIA,582
CONSTITUCION,583
COQUIMBITO,584
CRUZ DE PIEDRA,585
Cabal,586
Cabalango,587
Cabeza De Novillo,588
Cabildo,589
Cabra Corral,590
Caburei,591
Cacharí,592
Cacheuta,593
Cachi,594
Cachirulo,595
Cacique Ariacaiquín,596
Cadret,597
Cafayate,598
Cafferata,599
Caimancito,600
Calabacilla,601
Calchaquí,602
Calchín,603
Calchín Oeste,604
Caldenadas,605
Caleta Olivia,606
Caleufú,607
Calilegua,608
Calingasta,609
Camarones,610
Camet,611
Camet Norte,612
Camilo Aldao,613
Caminiaga,614
Campamento Vespucio,615
Campana,616
Campanas,617
Campichuelo,618
Campo Afuera,619
Campo Andino,620
Campo De Mayo,621
Campo Durán,622
Campo Gallo,623
Campo Garay,624
Campo Grande,625
Campo La Cruz,626
Campo Largo,627
Campo Los Andes,628
Campo Quijano,629
Campo Ramón,630
Campo Santo,631
Campo Viera,632
Campo de Herrera,633
Campos Salles,634
Campos de Roca,635
Campos del Virrey,636
Canals,637
Candelaria,638
Candelaria Sur,639
Candioti,640
Cangrejillos,641
Canning,642
Canteras El Sauce,643
Canteras Quilpo,644
Capayán,645
Capdeville,646
Capiazuti,647
Capilla Del Rosario,648
Capilla Vieja,649
Capilla de Sitón,650
Capilla de los Remedios,651
Capilla del Carmen,652
Capilla del Monte,653
Capilla del Señor (Est. Capilla),654
Capioviciño,655
Capioví,656
Capitán Bermúdez,657
Capitán Castro,658
Capitán Cáceres,659
Capitán General Bernardo O'Higgins,660
Capitán Juan Pagé,661
Capitán Montoya,662
Capitán Sarmiento,663
Capitán Solari,664
Capivara,665
Caraguatay,666
Carahunco,667
Carapachay,668
Carboncito,669
Carcarañá,670
Cardenal Cagliero,671
Carhué,672
Carilo,673
Carlos Beguerie,674
Carlos Casares,675
Carlos Keen,676
Carlos María Naón,677
Carlos Pellegrini,678
Carlos Salas,679
Carlos Spegazzini,680
Carlos Tejedor,681
Carlos Tomás Sourigues,682
Carmen,683
Carmen de Areco,684
Carmen de Patagones,685
Carmen del Sauce,686
Carmensa,687
Carnerillo,688
Carolina,689
Carpinteria,690
Carpintería,691
Carrenleufú,692
Carreras,693
Carrilobo,694
Carrizales (Est. Clarke),695
Carro Quemado,696
Casa Bamba,697
Casa Colorada,698
Casa De Los Tigres,699
Casa Grande,700
Casa de Piedra,701
Casabindo,702
Casalegno,703
Casalins,704
Casares,705
Casas,706
Casbas,707
Cascadas,708
Caseros,709
Caseros Centro,710
Casilda,711
Casira,712
Caspalá,713
Caspi Corral,714
Caspichango,715
Castelar,716
Castellanos,717
Castelli,718
Castilla,719
Castro Barros,720
Catriel,721
Catriló,722
Catua,723
Caucete,724
Causana,725
Cavanagh,726
Caviahué,727
Cavour,728
Cayastacito,729
Cayastá,730
Cazador,731
Cazadores Correntinos,732
Cazón,733
Caá - Yarí,734
Cañada Escobar,735
Cañada Honda,736
Cañada Ombú,737
Cañada Rica,738
Cañada Rosquín,739
Cañada Seca,740
Cañada de Gómez,741
Cañada de Luque,742
Cañada de Machado,743
Cañada de Río Pinto,744
Cañada del Sauce,745
Cañada del Ucle,746
Cañadón Chileno,747
Cañadón Seco,748
Cañuelas,749
Ceballos,750
Ceibalito,751
Ceibas,752
Centenario,753
Centeno,754
Centinela del Mar,755
Centro 25 de Junio,756
Centro Agrícola El Pato,757
Centro Forestal,758
Centro Guerrero,759
Cepeda,760
Ceres,761
Cerrillos,762
Cerrito,763
Cerrito Blanco,764
Cerro Azul,765
Cerro Colorado,766
Cerro Corá,767
Cerro Cóndor,768
Cerro Negro,769
Cerro Policía,770
Cerro de Oro,771
Cerro de la Gloria,772
Cerros Largos,773
Cervantes,774
Cevil Redondo,775
Chabás,776
Chacabuco,777
Chacharramendi,778
Chacras de San Clemente,779
Chacras del Río Luján,780
Chajarí,781
Chaján,782
Chalacea,783
Chalicán,784
Chamical,785
Chancani,786
Chapadmalal,787
Chapanay,788
Chapuy,789
Chaquiago,790
Charadai,791
Charata,792
Charbonier,793
Charigüé,794
Charlone,795
Charras,796
Chascomús,797
Chasicó,798
Chauchillas,799
Chaupi Pozo,800
Chaupihuasi,801
Chavarría,802
Chazón,803
Chañar,804
Chañar Ladeado,805
Chañar Pozo de Abajo,806
Chañar Punco,807
Chañar Viejo,808
Chañarmuyo,809
Chelforó,810
Chepes,811
Chichinales,812
Chiclana,813
Chicoana,814
Chilca Juliana,815
Chilecito,816
Chilibroste,817
Chillar,818
Chimbas,819
Chimpay,820
Chivilcoy,821
Choele Choel,822
Cholila,823
Choromoro,824
Chorotis,825
Chorriaca,826
Chos Malal,827
Chosmes,828
Chovet,829
Choya,830
Christophersen,831
Chuchucaruana,832
Chucul,833
Chucuma,834
Chumbicha,835
Chuquis,836
Churqui Cañada,837
Churruca,838
Chuña,839
Chuña Huasi,840
Cianzo,841
Cienaga De Intihuasi,842
Cienaguita,843
Cieneguillas,844
Ciervo Petiso,845
Cinco Saltos,846
Cintra,847
Cipolletti,848
City Bell,849
Ciudad De Los Niños,850
Ciudad Del Libertador General San Martin,851
Ciudad Evita,852
Ciudad Jardin El Libertador,853
Ciudad Jardín Lomas del Palomar,854
Ciudadela,855
Ciénaga del Coro,856
Ciénega,857
Claraz,858
Claromecó,859
Classon,860
Claypole,861
Clemente Onelli,862
Clodomira,863
Clodomiro Ledesma,864
Clorinda,865
Club de Campo Larena - Los Quinchos,866
Club de Campo Las Malvinas,867
Club de Campo Los Puentes,868
Cobos,869
Cobres,870
Cochinoca,871
Coctaca,872
Colalao del Valle,873
Colan Conhue,874
Colana,875
Colazo,876
Collagasta,877
Colmena,878
Colombres,879
Colonia 10 de Julio,880
Colonia Aborigen,881
Colonia Alemana,882
Colonia Alicia,883
Colonia Almada,884
Colonia Alpina,885
Colonia Ana,886
Colonia Anguinán,887
Colonia Anita,888
Colonia Aurora,889
Colonia Avellaneda,890
Colonia Avigdor,891
Colonia Ayuí,892
Colonia Baranda,893
Colonia Barge,894
Colonia Barón,895
Colonia Belgrano,896
Colonia Benítez,897
Colonia Bicha,898
Colonia Bismarck,899
Colonia Bossi,900
Colonia Bremen,901
Colonia Campo Villafañe,902
Colonia Carlos Pellegrini,903
Colonia Carolina,904
Colonia Caroya,905
Colonia Catinzaco,906
Colonia Cello,907
Colonia Crespo,908
Colonia Dolores,909
Colonia Don Antonio,910
Colonia Dora,911
Colonia Durán,912
Colonia El Simbolar,913
Colonia Elisa,914
Colonia Elía,915
Colonia Ensanche Sauce,916
Colonia Ensayo,917
Colonia Fiorito,918
Colonia Fiscal,919
Colonia General Roca,920
Colonia Gutierrez,921
Colonia Hinojo,922
Colonia Hugues,923
Colonia Italiana,924
Colonia Iturraspe,925
Colonia Juliá y Echarren,926
Colonia La Argentina,927
Colonia Las Cuatro Esquinas,928
Colonia Las Pichanas,929
Colonia Las Rosas,930
Colonia Libertad,931
Colonia Liebig's,932
Colonia Malligasta,933
Colonia Margarita,934
Colonia Marina,935
Colonia Mauricio,936
Colonia Mayo - Barrio La Milagrosa,937
Colonia Merou,938
Colonia Médici,939
Colonia Nievas,940
Colonia Nueva Coneta,941
Colonia Ortiz de Ocampo,942
Colonia Pando,943
Colonia Pastoril,944
Colonia Peña,945
Colonia Polana,946
Colonia Popular,947
Colonia Prosperidad,948
Colonia Raquel,949
Colonia Rosa,950
Colonia San Adolfo,951
Colonia San Bartolomé,952
Colonia San José,953
Colonia San Juan,954
Colonia San Martín,955
Colonia San Miguel,956
Colonia San Miguel Arcángel,957
Colonia San Pedro,958
Colonia San Ricardo (Est. Iriarte),959
Colonia Santa María,960
Colonia Santa Rosa,961
Colonia Sarmiento,962
Colonia Segovia,963
Colonia Seré,964
Colonia Suiza,965
Colonia Tinco,966
Colonia Tirolesa,967
Colonia Valtelina,968
Colonia Veinticinco,969
Colonia Vicente Agüero,970
Colonia Vichigasta,971
Colonia Victoria,972
Colonia Videla,973
Colonia Vignaud,974
Colonia Yeruá,975
Colonia Zubelzu,976
Colonia del Valle,977
Colonias Unidas,978
Colpes,979
Colón,980
Comallo,981
Comandante Fontana,982
Comandante Luis Piedrabuena,983
Comandante Nicanor Otamendi,984
Comicó,985
Comodoro Py,986
Comodoro Rivadavia,987
Cona Niyeu,988
Concarán,989
Concepción,990
Concepción de la Sierra,991
Concepción del Bermejo,992
Concepción del Uruguay,993
Concordia,994
Conesa,995
Coneta,996
Conhelo,997
Conlara,998
Conscripto Bernardi,999
Constanza,1000
Contralmirante Cordero,1001
Copacabana,1002
Copahue,1003
Copetonas,1004
Copo Quile,1005
Coranzuli,1006
Corcovado,1007
Cordobita,1008
Cordón del Plata,1009
Coronda,1010
Coronel Alzogaray,1011
Coronel Arnold,1012
Coronel Baigorria,1013
Coronel Belisle,1014
Coronel Boerr,1015
Coronel Bogado,1016
Coronel Brandsen,1017
Coronel Charlone,1018
Coronel Cornejo,1019
Coronel Dorrego,1020
Coronel Du Graty,1021
Coronel Fraga,1022
Coronel Hilario Lagos (Est. Aguas Buenas),1023
Coronel Juan Solá,1024
Coronel Manuel L. Rico,1025
Coronel Martínez de Hoz (Ap. Kilómetro 322),1026
Coronel Moldes,1027
Coronel Mollinedo,1028
Coronel Olleros,1029
Coronel Pringles (Est. Pringles),1030
Coronel Rodolfo S. Domínguez,1031
Coronel Seguí,1032
Coronel Suárez,1033
Coronel Vidal,1034
Corpus,1035
Corral Quemado,1036
Corral de Bustos,1037
Corralito,1038
Correa,1039
Corrientes,1040
Cortaderas,1041
Cortines,1042
Corzuela,1043
Cosquín,1044
Costa Azul,1045
Costa Bonita,1046
Costa Flores,1047
Costa Grande,1048
Costa de Araujo,1049
Costa de Reyes,1050
Costa del Chubut,1051
Costasacate,1052
Cote Lai,1053
Country Chacras de la Villa - Country San Isidro,1054
Country Club Bosque Real - Barrio Morabo,1055
Country Club El Casco,1056
Country Club El Jagüel,1057
Country Club El Rodeo,1058
Country Club Las Praderas,1059
Country Club Los Caldenes,1060
Country Jockey Club,1061
Country Los Medanos,1062
Covunco Centro,1063
Coyaguaima,1064
Crespo,1065
Crispi,1066
Crotto,1067
Cruce Caballero,1068
Crucesita,1069
Crucesitas Séptima Sección,1070
Cruz Alta,1071
Cruz Caña,1072
Cruz de Caña,1073
Cruz de Piedra,1074
Cruz de los Milagros,1075
Cruz del Eje,1076
Cuadro Benegas,1077
Cuadro Nacional,1078
Cuadro Ortega,1079
Cuartel V,1080
Cuatro Bocas,1081
Cuatro Esquinas,1082
Cuchillo Co,1083
Cucullú,1084
Cuesta Blanca,1085
Cuipan,1086
Cululú,1087
Cura Malal,1088
Curarú,1089
Curupaity,1090
Curuzú Cuatiá,1091
Cushamen Centro,1092
Cusi Cusi,1093
Cutral Có,1094
Cóndor Huasi,1095
Córdoba,1096
D'Orbigny,1097
DORREGO,1098
Daireaux,1099
Dalmacio Vélez,1100
Damián Maisonave (Est. Simson),1101
Daniel Donovan,1102
Darregueira,1103
Darwin,1104
De Bary,1105
De la Canal,1106
De la Garma,1107
Del Campillo,1108
Del Carril,1109
Del Valle,1110
Del Viso,1111
Delfín Gallo,1112
Delfín Huergo,1113
Desaguadero,1114
Desiderio Tello,1115
Despeñaderos,1116
Destacamento Camara,1117
Destacamento Decepcion,1118
Destacamento Melchior,1119
Destacamento Petrel,1120
Desvío Aguirre,1121
Desvío Arijón,1122
Devoto,1123
Deán Funes,1124
Diadema Argentina,1125
Diagonal Norte - Luz y Fuerza - Los Pocitos - Villa Nueva Italia (6),1126
Diamante,1127
Diego Gaynor,1128
Diego de Alvear,1129
Diego de Rojas,1130
Dina Huapi,1131
Dique Chico,1132
Dique Florentino Ameghino,1133
Dique Luján,1134
Dique Nº 1,1135
Dique Vulpiani,1136
Divisadero,1137
Doblas,1138
Dock Sud,1139
Doctor Ricardo Rojas,1140
Dolavon,1141
Dolores,1142
Domingo Savio,1143
Domselaar,1144
Don Bosco,1145
Don Cristóbal,1146
Don Emilio,1147
Don Orione,1148
Don Torcuato Este,1149
Don Torcuato Oeste,1150
Donadeu,1151
Dorila,1152
Dos Acequias (Est. Los Angacos),1153
Dos Arroyos,1154
Dos Hermanas,1155
Dos de Mayo Núcleo I,1156
Dos de Mayo Núcleo II,1157
Dos de Mayo Núcleo III,1158
Dr. Manuel Belgrano,1159
Dragones,1160
Dudignac,1161
Dufaur,1162
Duggan,1163
Dumesnil,1164
Dunamar,1165
Durazno,1166
Díaz,1167
EL CHALLAO,1168
EL PLUMERILLO,1169
EL RESGUARDO,1170
EL SAUCE,1171
EL ZAPALLAR,1172
EX INGENIO SAN JOSE,1173
Eduardo Castex,1174
Egusquiza,1175
El 49,1176
El Acheral,1177
El Aguilar,1178
El Alamito,1179
El Alcalde (Est. Tala Norte),1180
El Alcázar,1181
El Algarrobal,1182
El Alto,1183
El Angosto,1184
El Araza,1185
El Arañado,1186
El Arbolito,1187
El Arenal,1188
El Aybal,1189
El Baldecito,1190
El Barrial,1191
El Bañado,1192
El Bobadal,1193
El Bolsón,1194
El Borbollon,1195
El Bordo,1196
El Bracho,1197
El Brete,1198
El Brillante,1199
El Caburé,1200
El Cadillal,1201
El Cajón,1202
El Calafate,1203
El Calden,1204
El Caramelo,1205
El Carmelo,1206
El Carmen,1207
El Carril,1208
El Carrizal,1209
El Caín,1210
El Ceibal,1211
El Cerrito,1212
El Chacho,1213
El Chaltén,1214
El Charabon,1215
El Charco,1216
El Chañar,1217
El Chocón,1218
El Cholar,1219
El Chorrillo,1220
El Churrasco,1221
El Cimarrón,1222
El Colorado,1223
El Corcovado - El Torreón,1224
El Corte,1225
El Crispín,1226
El Crucero,1227
El Cuadrado,1228
El Cuy,1229
El Cóndor,1230
El Desmonte,1231
El Deán,1232
El Diquecito,1233
El Divisadero,1234
El Divisorio,1235
El Dorado,1236
El Duraznito,1237
El Durazno,1238
El Empalme,1239
El Encón,1240
El Escorial,1241
El Espinillo,1242
El Espino,1243
El Estanquito,1244
El Fical,1245
El Fiscal,1246
El Fortín,1247
El Foyel,1248
El Fuerte,1249
El Fuertecito,1250
El Galpón,1251
El Hoyo,1252
El Huayco,1253
El Hueco,1254
El Huecú,1255
El Injerto,1256
El Jagüel,1257
El Jardín,1258
El Juncal,1259
El Libertador,1260
El Lindero,1261
El Maitén,1262
El Manantial,1263
El Manzano,1264
El Marquesado,1265
El Medanito,1266
El Milagro,1267
El Mirador,1268
El Mirasol,1269
El Mogote,1270
El Mojón,1271
El Mollar,1272
El Moreno,1273
El Médano,1274
El Naranjo,1275
El Nihuil,1276
El Pajonal (Est. Pomán),1277
El Palenque,1278
El Palomar,1279
El Pantanillo,1280
El Paraguay,1281
El Paraiso,1282
El Paramillo,1283
El Paraíso,1284
El Pedregal,1285
El Pensamiento,1286
El Peral,1287
El Perdido (Est. José A. Guisasola),1288
El Peñón,1289
El Pingo,1290
El Piquete,1291
El Portezuelo,1292
El Potrerillo,1293
El Potrero,1294
El Potrillo,1295
El Pueblito,1296
El Puesto,1297
El Quebrachal,1298
El Quebracho,1299
El Quemado,1300
El Quimilo,1301
El Rabón,1302
El Ramblón,1303
El Rastreador,1304
El Recodo,1305
El Recreo,1306
El Recuerdo,1307
El Redomón,1308
El Remanso,1309
El Retiro,1310
El Rincon,1311
El Rincón,1312
El Rodeo,1313
El Rosario,1314
El Salado,1315
El Salto,1316
El Sauce,1317
El Sauzal,1318
El Sauzalito,1319
El Sifon,1320
El Soberbio,1321
El Solar,1322
El Sombrero,1323
El Sosneado,1324
El Tabacal,1325
El Tala,1326
El Talar,1327
El Tipal - La Almudena,1328
El Toro,1329
El Trapiche,1330
El Trigo,1331
El Triunfo,1332
El Tropezon,1333
El Tropezón,1334
El Trébol,1335
El Tunal,1336
El Turbio (Est. Gobernador Mayer),1337
El Tuscal,1338
El Tío,1339
El Valle,1340
El Vergel,1341
El Vinagrillo,1342
El Volcán,1343
El Zampal,1344
El Zanjón,1345
El Zapallar,1346
El cazador,1347
Eldorado,1348
Elena,1349
Eleodoro Lobos,1350
Elisa,1351
Elortondo,1352
Elvira,1353
Embajador Martini,1354
Embalse,1355
Embarcación,1356
Emilia,1357
Emilio Ayarza,1358
Emilio V. Bunge,1359
Empalme San Carlos,1360
Empalme Villa Constitución,1361
Empedrado,1362
Energía,1363
Enrique Carbó,1364
Enrique Urién,1365
Ensenada,1366
Epuyén,1367
Ernestina,1368
Erézcano,1369
Escalada,1370
Esmeralda,1371
Espartillar,1372
Esperanza,1373
Espigas,1374
Esquel,1375
Esquina,1376
Esquina Negra,1377
Esquina del Alambre,1378
Esquiú,1379
Estacion Camet,1380
Estacion Presidente Roca,1381
Estacion Puiggari,1382
Estación Apóstoles,1383
Estación Arenales,1384
Estación Arroyo Clé,1385
Estación Aráoz,1386
Estación Atamisqui,1387
Estación Camps,1388
Estación Chapadmalal,1389
Estación Clucellas,1390
Estación Colonia Tirolesa,1391
Estación Escriña,1392
Estación General Obligado,1393
Estación La Punta,1394
Estación Lazo,1395
Estación Lecueder,1396
Estación Libertad,1397
Estación Luxardo,1398
Estación Mazán,1399
Estación Raíces,1400
Estación Robles,1401
Estación Saguier,1402
Estación Taboada,1403
Estación Tacañitas,1404
Estación Torrent,1405
Estación Yeruá,1406
Estación Yuquerí,1407
Estancia De Amieva,1408
Estancia Grande,1409
Estancia San Pedro,1410
Estancia Vieja,1411
Estancia de Guadalupe,1412
Estanislao Severo Zeballos,1413
Estanislao del Campo,1414
Esteban Agustín Gascón,1415
Esteban Rams,1416
Estela,1417
Esther,1418
Etruria,1419
Eufrasio Loza,1420
Eugenio Bustos,1421
Eusebia y Carolina,1422
Eustolia,1423
Ex Ingenio Esperanza,1424
Ex Ingenio Los Ralos,1425
Ex Ingenio Lujan,1426
Ex Ingenio Nueva Baviera,1427
Ezpeleta,1428
Ezpeleta Oeste,1429
FLORES,1430
FLORESTA,1431
Facundo,1432
Falda del Carmen,1433
Falda del Cañete,1434
Falucho,1435
Famaillá,1436
Famatanca,1437
Famatina,1438
Farallón Negro,1439
Faro,1440
Faustino M. Parera,1441
Febré,1442
Federación,1443
Federal,1444
Felicia,1445
Felipe Solá,1446
Felipe Yofré,1447
Fernández,1448
Ferri,1449
Ferré,1450
Fiambalá,1451
Fighiera,1452
Firmat,1453
Fitz Roy,1454
Fleming,1455
Florencia,1456
Florencio Varela,1457
Florentino Ameghino,1458
Florida,1459
Florida Oeste,1460
Fofo Cahuel,1461
Fontana,1462
Fontezuela,1463
Formosa,1464
Fortuna,1465
Fortín Acha,1466
Fortín Cabo 1º Lugones,1467
Fortín El Patria,1468
Fortín Inca,1469
Fortín Las Chuñas,1470
Fortín Lavalle,1471
Fortín Olavarría,1472
Fortín Olmos,1473
Fortín Sargento 1º Leyes,1474
Fortín Soledad,1475
Fortín Tiburcio,1476
Fracrán,1477
Fraga,1478
Fraile Pintado,1479
Francisco Alvarez,1480
Francisco Madero,1481
Franck,1482
Franklin,1483
Fray Luis Beltrán,1484
Frente Mar,1485
Freyre,1486
Frontera,1487
Frontera de Río Pico,1488
Frías,1489
Fuentes,1490
Fuerte Esperanza,1491
Fuerte Quemado,1492
Funes,1493
Fátima,1494
GENERAL BELGRANO,1495
GENERAL GUTIERREZ,1496
Gaboto,1497
Gahan,1498
Gaiman,1499
Gan Gan,1500
Gancedo,1501
Gaona,1502
Garabato,1503
Garayalde,1504
Gardey,1505
Garibaldi,1506
Garmendia,1507
Garruchos,1508
Garré,1509
Garuhapé,1510
Garupá,1511
Garza,1512
Garín,1513
Gastre,1514
Gato Colorado,1515
General Acha,1516
General Almada,1517
General Alvear,1518
General Arenales,1519
General Baldissera,1520
General Ballivián,1521
General Belgrano,1522
General Cabrera,1523
General Campos,1524
General Capdevila,1525
General Conesa,1526
General Daniel Cerri (Est. General Cerri),1527
General Deheza,1528
General Enrique Godoy,1529
General Fernández Oro,1530
General Fotheringham,1531
General Galarza,1532
General Gelly,1533
General Guido,1534
General Güemes,1535
General Hornos,1536
General José de San Martín,1537
General Juan Madariaga,1538
General La Madrid,1539
General Lagos,1540
General Las Heras (Est. Las Heras),1541
General Lavalle,1542
General Levalle,1543
General Lucio Victorio Mansilla,1544
General Mansilla (Est. Bartolomé Bavio),1545
General Manuel J. Campos,1546
General Mosconi,1547
General O'Brien,1548
General Pacheco,1549
General Paz,1550
General Pico,1551
General Pinedo,1552
General Pinto,1553
General Pirán,1554
General Pizarro,1555
General Racedo,1556
General Ramírez,1557
General Rivas,1558
General Roca,1559
General Rodríguez,1560
General Rojo,1561
General San Martín (Est. Villa Alba),1562
General Urquiza,1563
General Vedia,1564
General Villegas (Est. Villegas),1565
Gerli,1566
Germania (Est. Mayor José Orellano),1567
Gessler,1568
Gilbert,1569
Girodias,1570
Glew,1571
Gobernador Benegas,1572
Gobernador Castro,1573
Gobernador Costa,1574
Gobernador Crespo,1575
Gobernador Duval,1576
Gobernador Echagüe,1577
Gobernador Gregores,1578
Gobernador Igr. Valentín Virasoro,1579
Gobernador Juan E. Martínez,1580
Gobernador Julio A. Costa,1581
Gobernador López,1582
Gobernador Mansilla,1583
Gobernador Roca,1584
Gobernador Solá,1585
Gobernador Udaondo,1586
Gobernador Ugarte,1587
Godoy,1588
Godoy Cruz,1589
Goldney,1590
Golondrina,1591
Gonzalez Catán,1592
González Moreno,1593
Gorchs,1594
Gorostiaga,1595
Goudge,1596
Gowland,1597
Goya,1598
Goyena,1599
Gramilla,1600
Gran China,1601
Gran Guardia,1602
Granadero Baigorria,1603
Grand Bourg,1604
Graneros,1605
Gregoria Pérez de Denis (Est. El Nochero),1606
Gregorio De Laferrere,1607
Grunbein,1608
Grutly,1609
Guachipas,1610
Guadalcazar,1611
Guadalupe Norte,1612
Gualeguay,1613
Gualeguaychú,1614
Gualjaina,1615
Guaminí,1616
Guanacache,1617
Guanaco Muerto,1618
Guanchín,1619
Guandacol,1620
Guaraní,1621
Guardamonte,1622
Guardia Escolta,1623
Guardia Mitre,1624
Guasapampa,1625
Guatimozín,1626
Guatraché,1627
Guaviraví,1628
Guayamba,1629
Guaymallén,1630
Guernica,1631
Guerrero,1632
Guerrico,1633
Guillermo E. Hudson,1634
Gunther,1635
Gálvez,1636
Gómez,1637
Gödeken,1638
Gütemberg,1639
Haedo,1640
Hale,1641
Hambis,1642
Hasenkamp,1643
Hasse,1644
Haumonía,1645
Helvecia,1646
Henderson,1647
Hermoso Campo,1648
Hernandarias,1649
Hernando,1650
Hernán Mejía Miraval,1651
Hernández,1652
Herradura,1653
Herrera,1654
Herrera Vegas,1655
Hersilia,1656
Hickman,1657
Hilario Ascasubi,1658
Hinojo,1659
Hipatia,1660
Hipólito Bouchard,1661
Hipólito Yrigoyen,1662
Hipólito Yrigoyen (Est. Iturbe),1663
Hito 1,1664
Hocker,1665
Horquilla,1666
Hortensia,1667
Huacalera,1668
Huaco,1669
Hualfín,1670
Hualtaran,1671
Huanchillas,1672
Huanguelén,1673
Huanqueros,1674
Huaycama,1675
Hucal,1676
Huerta Grande,1677
Hughes,1678
Huillapima,1679
Huinca Renancó,1680
Huinganco,1681
Humahuaca,1682
Humberto Primo,1683
Humboldt,1684
Hurlingham,1685
Huyamampa,1686
Huáncar,1687
Ibarlucea,1688
Ibarreta,1689
Ibicuy,1690
Icaño,1691
Idiazabal,1692
Iglesia,1693
Ignacio Correas,1694
Iltico,1695
Impira,1696
Independencia,1697
Indio Rico,1698
Infanzón,1699
Ingeniero Adolfo Sourdeaux,1700
Ingeniero Barbet,1701
Ingeniero Chanourdie,1702
Ingeniero Forres (Est. Chaguar Punco),1703
Ingeniero Foster,1704
Ingeniero Giagnoni,1705
Ingeniero Guillermo N. Juárez,1706
Ingeniero Gustavo André,1707
Ingeniero Jacobacci,1708
Ingeniero Juan Allan,1709
Ingeniero Luiggi,1710
Ingeniero Luis A. Huergo,1711
Ingeniero Maschwitz,1712
Ingeniero Miguel Sajaroff,1713
Ingeniero Moneta,1714
Ingeniero Otto Krause,1715
Ingeniero Pablo Nogués,1716
Ingeniero Thompson,1717
Ingeniero White,1718
Ingenio Fronterita,1719
Ingenio La Florida,1720
Ingenio Primer Correntino,1721
Ingenio San Pablo,1722
Ingenio Santa Barbara,1723
Inocencio Sosa,1724
Inriville,1725
Integración,1726
Intendente Alvear,1727
Intihuasi,1728
Intiyaco,1729
Inés Indart,1730
Irala,1731
Irazusta,1732
Irene,1733
Irigoyen,1734
Irineo Portela,1735
Iruya,1736
Isca Yacu,1737
Isca Yacu Semaul,1738
Isidro Casanova,1739
Isla Santiago (Oeste),1740
Isla Verde,1741
Isla de Cañas,1742
Isla del Cerrito,1743
Itacaruaré,1744
Italó,1745
Itatí,1746
Ituzaingó,1747
Ituzaingó Centro,1748
Ituzaingó Sur,1749
Itá Ibaté,1750
Itín,1751
JESUS NAZARENO,1752
Jacinto Arauz,1753
Jacinto L. Aráuz,1754
Jacipunco,1755
Jagüé,1756
Jaime Prats,1757
Jama,1758
James Craik,1759
Jaramillo,1760
Jardín América,1761
Jardín Arenales,1762
Jarilla,1763
Jeppener,1764
Jesús María,1765
Joaquin Gorina,1766
Joaquín V. González,1767
Jocolí,1768
Jocolí Viejo,1769
Jorge Born,1770
Jose Hernandez,1771
Jose Ingenieros,1772
Jose Melchor Romero,1773
Jose Mármol,1774
Josefina,1775
José B. Casas,1776
José C Paz,1777
José Juan Almeyra,1778
José Maria Ezeiza,1779
José María Jáuregui (Est. Jáuregui),1780
José Rafael Gómez,1781
José de San Martín,1782
José de la Quintana,1783
Joyango,1784
Juan A. Pradere,1785
Juan A. de la Peña,1786
Juan Anchorena (Est. Urquiza),1787
Juan B. Molina,1788
Juan Bautista Alberdi,1789
Juan Bautista Alberdi (Est. Alberdi),1790
Juan Cousté (Est. Algarrobo),1791
Juan E. Barra,1792
Juan F. Ibarra,1793
Juan G. Bazán,1794
Juan Jorba,1795
Juan José Castelli,1796
Juan José Paso,1797
Juan Llerena,1798
Juan María Gutierrez,1799
Juan N. Fernández,1800
Juan Pujol,1801
Juan W. Gez,1802
Juana Koslay,1803
Jubileo,1804
Juella,1805
Julia Dufour,1806
Juncal,1807
Junín,1808
Junín de los Andes,1809
Justiniano Posse,1810
Justo Daract,1811
Juventud Unida,1812
KILOMETRO 11 (GUAYMALLEN),1813
KM. 3 - General Mosconi,1814
KM. 5 - Presidente Ortiz,1815
KM. 8 - Don Bosco,1816
Kilómetro 101,1817
Kilómetro 115,1818
Kilómetro 17,1819
Kilómetro 30,1820
Kilómetro 658,1821
Km. 11 - Cuarteles,1822
Koluel Kaike,1823
LAS CAÑAS,1824
LAS TORTUGAS,1825
LINIERS,1826
LUZURIAGA,1827
La Adela,1828
La Aguada,1829
La Almona,1830
La Angelina,1831
La Angelita,1832
La Arboleda,1833
La Armonía,1834
La Aurora,1835
La Aurora (Est. La Niña),1836
La Avenencia,1837
La Bajada,1838
La Baliza,1839
La Banda,1840
La Batea,1841
La Beba,1842
La Boca del Río,1843
La Botija,1844
La Brava,1845
La Brea,1846
La Buitrera,1847
La Cabral,1848
La Caldera,1849
La Calera,1850
La Caleta,1851
La Candelaria,1852
La Capilla,1853
La Carbonada,1854
La Carlota,1855
La Carolina,1856
La Carrera,1857
La Carreta,1858
La Cautiva,1859
La Cañada,1860
La Celestina,1861
La Central,1862
La Cesira,1863
La Chilca,1864
La Chimbera,1865
La Chispa,1866
La Choza,1867
La Cieneguita,1868
La Ciénaga y Barrio San Rafael,1869
La Ciénega,1870
La Clarita,1871
La Clotilde,1872
La Cocha,1873
La Colina,1874
La Colonia,1875
La Constancia,1876
La Consulta,1877
La Corita,1878
La Cortadera,1879
La Criolla,1880
La Criolla (Est. Cañadita),1881
La Cruz,1882
La Cuadra,1883
La Cumbre,1884
La Cumbrecita,1885
La Delfina,1886
La Donosa,1887
La Dorada,1888
La Dormida,1889
La Dársena,1890
La Eduvigis,1891
La Emilia,1892
La Escondida,1893
La Esperanza,1894
La Esquina,1895
La Falda,1896
La Falda De San Antonio,1897
La Firmeza,1898
La Floresta,1899
La Florida,1900
La Francia,1901
La Gallareta,1902
La Gilda,1903
La Gloria,1904
La Granja,1905
La Guardia,1906
La Higuera,1907
La Hoyada,1908
La Humada,1909
La Intermedia,1910
La Invencible,1911
La Invernada,1912
La Isleta,1913
La Juanita,1914
La Laguna,1915
La Larga,1916
La Leonesa,1917
La Libertad,1918
La Limpia,1919
La Llave Nueva,1920
La Lobería,1921
La Loma,1922
La Lomita,1923
La Lonja,1924
La Lucila,1925
La Luisa,1926
La Majada,1927
La Manga,1928
La Manuela,1929
La Maroma,1930
La Maruja,1931
La Mendieta,1932
La Merced,1933
La Merced del Encón,1934
La Mesada,1935
La Misión,1936
La Morada,1937
La Nena,1938
La Nueva Donosa,1939
La Paisanita,1940
La Pala,1941
La Palestina,1942
La Pampa,1943
La Paquita,1944
La Para,1945
La Paz,1946
La Pelada,1947
La Penca y Caraguatá,1948
La Perla,1949
La Petra,1950
La Picada,1951
La Plata,1952
La Playa,1953
La Playosa,1954
La Población,1955
La Poma,1956
La Posta,1957
La Primavera,1958
La Providencia,1959
La Puerta,1960
La Punilla,1961
La Punta,1962
La Puntilla,1963
La Quiaca,1964
La Quinta,1965
La Ramada,1966
La Ramadita,1967
La Rancherita,1968
La Redonda,1969
La Reducción,1970
La Reforma,1971
La Reja,1972
La Represita,1973
La Ribera,1974
La Rica,1975
La Rinconada,1976
La Rioja,1977
La Rubia,1978
La Sabana,1979
La Salvadora,1980
La Sarita,1981
La Serranita,1982
La Silleta,1983
La Sofía,1984
La Tablada,1985
La Tercena,1986
La Tigra,1987
La Toma,1988
La Tordilla,1989
La Totora,1990
La Travesía,1991
La Trinidad,1992
La Unión,1993
La Vanguardia,1994
La Verde,1995
La Vertiente,1996
La Violeta,1997
La Viña,1998
Labarden,1999
Laborde,2000
Labordeboy,2001
Laboulaye,2002
Lafinur,2003
Lago Blanco,2004
Lago Epuyén,2005
Lago Puelo,2006
Lago Rosario,2007
Laguna Alsina (Est. Bonifacio),2008
Laguna Blanca,2009
Laguna Brava,2010
Laguna Escondida,2011
Laguna Gallo,2012
Laguna Larga,2013
Laguna Limpia,2014
Laguna Naick-Neck,2015
Laguna Paiva,2016
Laguna Vitel,2017
Laguna Yema,2018
Laguna de Lobos,2019
Laguna del Pescado,2020
Lagunillas de Farallón,2021
Lagunita Salada,2022
Laharrague,2023
Lamadrid,2024
Lamarque,2025
Lampacito,2026
Landeta,2027
Lanteri,2028
Lanús Este,2029
Lanús Oeste,2030
Lapachito,2031
Laplacette,2032
Laprida,2033
Larguía,2034
Larrechea,2035
Larroque,2036
Lartigau,2037
Las Acequias,2038
Las Aguadas,2039
Las Albahacas,2040
Las Armas,2041
Las Arrias,2042
Las Avispas,2043
Las Bahamas,2044
Las Bajadas,2045
Las Bandurrias,2046
Las Barrancas,2047
Las Barranquitas,2048
Las Bayas,2049
Las Breñas,2050
Las Caleras,2051
Las Calles,2052
Las Carabelas,2053
Las Carditas,2054
Las Catitas,2055
Las Cañadas,2056
Las Cañas,2057
Las Cejas,2058
Las Chacras,2059
Las Chacritas,2060
Las Chimbas,2061
Las Coloradas,2062
Las Compuertas,2063
Las Corzuelas,2064
Las Costas,2065
Las Cuevas,2066
Las Delicias,2067
Las Encadenadas,2068
Las Esquinas,2069
Las Flores,2070
Las Garcitas,2071
Las Garzas,2072
Las Gramillas,2073
Las Grutas,2074
Las Guachas,2075
Las Heras,2076
Las Higueras,2077
Las Isletas,2078
Las Isletillas,2079
Las Jarillas,2080
Las Jaulas,2081
Las Juntas,2082
Las Junturas,2083
Las Lagunas,2084
Las Lagunitas,2085
Las Lajas,2086
Las Lajitas,2087
Las Leñas,2088
Las Lomitas,2089
Las Malvinas,2090
Las Marianas,2091
Las Martinetas,2092
Las Mojarras,2093
Las Moscas,2094
Las Oscuras,2095
Las Ovejas,2096
Las Palmas,2097
Las Palmeras,2098
Las Palmitas,2099
Las Palomas,2100
Las Parejas,2101
Las Perdices,2102
Las Perlas,2103
Las Petacas,2104
Las Peñas,2105
Las Piedritas,2106
Las Pircas,2107
Las Playas,2108
Las Plumas,2109
Las Rabonas,2110
Las Rosas,2111
Las Saladas,2112
Las Tahonas,2113
Las Talas,2114
Las Talas - Los Médanos,2115
Las Tapias,2116
Las Tejas,2117
Las Tinajas,2118
Las Toninas,2119
Las Toscas,2120
Las Tunas,2121
Las Varas,2122
Las Varillas,2123
Las Vegas,2124
Las Vertientes,2125
Las Violetas,2126
Lastenia,2127
Lavaisse,2128
Lavalle,2129
Lazzarino,2130
Leandro N. Alem,2131
Leguizamón,2132
Lehmann,2133
Leleque,2134
Leones,2135
Lezica y Torrezuri,2136
León,2137
Libertad,2138
Libertador General San Martín (Est. Ledesma),2139
Liborio Luna,2140
Licenciado Matienzo,2141
Lilo Viejo,2142
Lima,2143
Limay Mahuida,2144
Lin Calel,2145
Lincoln,2146
Lisandro Olmos,2147
Liviara,2148
Llambi Campbell,2149
Llavallol,2150
Llulluchayoc,2151
Lobería,2152
Lobos,2153
Logroño,2154
Loma Alta,2155
Loma Blanca,2156
Loma Bola,2157
Loma Hermosa,2158
Loma Verde,2159
Lomas Blancas,2160
Lomas De Zamora,2161
Lomas Del Mirador,2162
Lomas de Copello,2163
Lomas de Vallejos,2164
Lomas del Río Luján (Est. Río Luján),2165
Loncopué,2166
Londres,2167
Longchamps,2168
Lonquimay,2169
Loreto,2170
Loro Huasi,2171
Los Algarrobos Blancos,2172
Los Alisos,2173
Los Altares,2174
Los Altos,2175
Los Amores,2176
Los Angeles,2177
Los Angeles Norte,2178
Los Angeles Sur,2179
Los Antiguos,2180
Los Baldecitos,2181
Los Balverdis,2182
Los Barriales,2183
Los Berros,2184
Los Blancos,2185
Los Cachorros,2186
Los Cajones,2187
Los Callejones,2188
Los Campamentos,2189
Los Cardales,2190
Los Cardos,2191
Los Cardozos,2192
Los Castillos,2193
Los Catutos,2194
Los Cedros - Las Quintas,2195
Los Cerrillos,2196
Los Charrúas,2197
Los Chañaritos,2198
Los Chiriguanos,2199
Los Cipreses,2200
Los Cisnes,2201
Los Cocos,2202
Los Comederos,2203
Los Compartos,2204
Los Conquistadores,2205
Los Corrales,2206
Los Corralitos,2207
Los Cóndores,2208
Los Frentones,2209
Los Gutierrez,2210
Los Helechos,2211
Los Hornillos,2212
Los Hornos,2213
Los Hoyos,2214
Los Indios,2215
Los Juríes,2216
Los Lapachos (Est. Maquinista Verón),2217
Los Laureles,2218
Los Lobos,2219
Los Manantiales,2220
Los Medanos,2221
Los Menucos,2222
Los Miches,2223
Los Miranda,2224
Los Mistoles,2225
Los Molinos,2226
Los Molles,2227
Los Muchachos - La Alborada,2228
Los Nacimientos,2229
Los Naranjos,2230
Los Nogales,2231
Los Núñez,2232
Los Overos,2233
Los Palacios,2234
Los Penitentes,2235
Los Pinos,2236
Los Pirpintos,2237
Los Polvorines,2238
Los Pozos,2239
Los Puestos,2240
Los Quemados,2241
Los Quiroga,2242
Los Quirquinchos,2243
Los Ralos,2244
Los Ramblones,2245
Los Reartes,2246
Los Reyunos,2247
Los Robles,2248
Los Romeros,2249
Los Sarmientos,2250
Los Sauces,2251
Los Soria,2252
Los Surgentes,2253
Los Talares,2254
Los Talas,2255
Los Telares,2256
Los Tigres,2257
Los Toldos,2258
Los Troncos Del Talar,2259
Los Varela,2260
Los Zapallos,2261
Los Zorros,2262
Los Árboles,2263
Loteo Costa de Río,2264
Loteo Navea,2265
Loteo San Vicente,2266
Loventué,2267
Lozada,2268
Lozano,2269
Lozano (Ap. Chañi),2270
Luan Toro,2271
Luca,2272
Lucas González,2273
Lucas Monteverde,2274
Lucila Del Mar,2275
Lucio V. López,2276
Lucio V. Mansilla,2277
Lugones,2278
Luis Beltrán,2279
Luis Burela,2280
Luis Guillón,2281
Luis Palacios (Est. La Salada),2282
Luján,2283
Luján de Cuyo,2284
Lules,2285
Lumbreras,2286
Luque,2287
Lutti,2288
Luyaba,2289
Líbano,2290
Líbaros,2291
López,2292
López (Est. San Martín de Tours),2293
López Lecube,2294
MATADEROS,2295
MAYOR DRUMMOND,2296
MONSERRAT,2297
MONTE CASTRO,2298
Macachín,2299
Macapillo,2300
Machagai,2301
Machigasta,2302
Maciel,2303
Maciá,2304
Maco,2305
Macomitas,2306
Magdala,2307
Magdalena,2308
Maggiolo,2309
Maimará,2310
Mainqué,2311
Maipú,2312
Makallé,2313
Malabrigo,2314
Malagueño,2315
Malanzán,2316
Malargüe,2317
Malbrán,2318
Malena,2319
Malligasta,2320
Mallín,2321
Mallín Ahogado,2322
Malvinas Argentinas,2323
Mamuel Choique,2324
Manantiales,2325
Manfredi,2326
Mansupa,2327
Manuel B Gonnet,2328
Manuel B. Gonnet (Est. French),2329
Manuel García Fernández,2330
Manuel J. Cobo (Est. Lezama),2331
Manuel Ocampo,2332
Manzanares,2333
Manzano Amargo,2334
Manzone,2335
Maquinchao,2336
Maquinista F. Savio (este),2337
Maquinista F. Savio (oeste),2338
Maquinista Gallini,2339
Maquito,2340
Mar Azul,2341
Mar Chiquita,2342
Mar De Las Pampas,2343
Mar de Ajó - San Bernardo,2344
Mar de Cobo,2345
Mar del Plata,2346
Mar del Sur,2347
Marayes,2348
Marcelino Escalada,2349
Marcelino Ugarte (Est. Dennehy),2350
Marcos Juárez,2351
Marcos Paz,2352
Margarita,2353
Margarita Belén,2354
Mari Menuco,2355
Mariano Acosta,2356
Mariano Benítez,2357
Mariano Boedo,2358
Mariano H. Alfonzo (Est. San Patricio),2359
Mariano I. Loza (Est. Justino Solari),2360
Mariano Moreno,2361
Mariano Unzué,2362
Marmol Verde,2363
Martín Coronado,2364
Martín de Loyola,2365
Martínez,2366
Marull,2367
María Grande,2368
María Ignacia (Est. Vela),2369
María Juana,2370
María Luisa,2371
María Magdalena,2372
María Susana,2373
María Teresa,2374
Massey (Est. Elordi),2375
Matará,2376
Matheu,2377
Matilde,2378
Matorrales,2379
Mattaldi,2380
Mauricio Hirsch,2381
Mauricio Mayer,2382
Mayor Buratovich,2383
Mayu Sumaj,2384
Maza,2385
Maíz Negro,2386
Mbopicuá,2387
Mburucuyá,2388
Mechita,2389
Mechita (Est. Mecha),2390
Mechongué,2391
Medanitos,2392
Medellín,2393
Media Naranja,2394
Medina,2395
Medrano,2396
Melincué (Est. San Urbano),2397
Melo,2398
Mencué,2399
Mendiolaza,2400
Mendoza,2401
Mercedes,2402
Merlo,2403
Mesilla Del Cura,2404
Mesón de Fierro,2405
Metileo,2406
Metán Viejo,2407
Mi Granja,2408
Mi Valle,2409
Micaela Cascallares (Est. Cascallares),2410
Miguel Cané,2411
Miguel Riglos,2412
Miguel Torres,2413
Milagro,2414
Milenica,2415
Mina 3,2416
Mina 9 de Octubre,2417
Mina Clavero,2418
Mina Providencia,2419
Mina Santa Teresita,2420
Minerva,2421
Ministro Ramos Mexía,2422
Ministro Rivadavia,2423
Mira Pampa,2424
Miraflores,2425
Miramar,2426
Miranda,2427
Misarrumi,2428
Misión Chaqueña,2429
Misión El Cruce - El Milagro - El Jardín de San Martín,2430
Misión Kilómetro 6,2431
Misión Tacaagle,2432
Misión Tierras Fiscales,2433
Mocoretá,2434
Moctezuma,2435
Mogna,2436
Moisés Ville,2437
Mojones Norte,2438
Mojón Grande,2439
Mojón de Fierro,2440
Molino Doll,2441
Molinos,2442
Mones Cazón,2443
Monigotes,2444
Monje,2445
Monte Buey,2446
Monte Caseros,2447
Monte Chingolo,2448
Monte Comán,2449
Monte Flores,2450
Monte Grande,2451
Monte Hermoso,2452
Monte Leña,2453
Monte Maíz,2454
Monte Nievas,2455
Monte Potrero,2456
Monte Quemado,2457
Monte Ralo,2458
Monte Vera,2459
Monte de los Gauchos,2460
Monte del Rosario,2461
Monteagudo,2462
Montecarlo,2463
Montecaseros,2464
Montecristo,2465
Montefiore,2466
Monteros,2467
Monterrico,2468
Montes de Oca,2469
Moquehue,2470
Moquehuá,2471
Morales,2472
Morea,2473
Moreno,2474
Moron,2475
Morrison,2476
Morse,2477
Morteros,2478
Mosmota,2479
Mundo Nuevo,2480
Munro,2481
Murphy,2482
Mussi,2483
Mutquin,2484
Muñiz,2485
Mártires,2486
Máximo Fernández (Est. Juan F. Salaberry),2487
Máximo Paz,2488
Máximo Paz (Est. Paz),2489
Médanos,2490
NUEVA POMPEYA,2491
NUÑEZ,2492
Nación Ranquel,2493
Nahuel Mapá,2494
Nahuel Niyeu,2495
Naicó,2496
Napaleofú,2497
Napalpí,2498
Napenay,2499
Naranjo Esquino,2500
Naré,2501
Naschel,2502
Naupa Huen,2503
Navarro,2504
Navia,2505
Nazareno,2506
Necochea - Quequén,2507
Nelson,2508
Nemesio Parma,2509
Neuquén,2510
Nicanor Olivera (Est. La Dulce),2511
Nicolás Bruzzone,2512
Niquivil,2513
Noetinger,2514
Nogolí,2515
Nogoyá,2516
Nono,2517
Nonogasta,2518
Norberto de la Riestra,2519
Nordelta,2520
Norumbega,2521
Nucleo I,2522
Nucleo Ii,2523
Nuestra Señora de Talavera,2524
Nuestra Señora del Rosario,2525
Nuestra Señora del Rosario de Caá Catí,2526
Nueva California,2527
Nueva Delicia,2528
Nueva Escocia,2529
Nueva Esperanza,2530
Nueva Francia,2531
Nueva Galia,2532
Nueva Lehmann,2533
Nueva Plata,2534
Nueva Pompeya,2535
Nueva Trinidad,2536
Nueva Vizcaya,2537
Nuevo Pirquitas,2538
Nuevo Torino,2539
Nácate,2540
O'Higgins,2541
Oasis,2542
Oberá,2543
Obispo Trejo,2544
Obligado,2545
Ochandío,2546
Ocloyas,2547
Octavio Pico,2548
Ojeda,2549
Ojo Del Rio,2550
Ojos de Agua,2551
Olacapato,2552
Olaeta,2553
Olaroz Chico,2554
Olascoaga,2555
Olavarría,2556
Olegario V. Andrade,2557
Oliden,2558
Oliva,2559
Olivares de San Nicolás,2560
Olivera,2561
Oliveros,2562
Olivos,2563
Olpas,2564
Olta,2565
Onagoity,2566
Oncativo,2567
Open Door (Est. Dr. Domingo Cabred),2568
Oratorio,2569
Ordoqui,2570
Ordóñez,2571
Orense,2572
Oriente,2573
Oro Verde,2574
Orosmayo,2575
Ostende,2576
Osvaldo Magnasco,2577
PALERMO,2578
PALMIRA,2579
PARQUE AVELLANEDA,2580
PARQUE CHACABUCO,2581
PARQUE CHAS,2582
PARQUE PATRICIOS,2583
PATERNAL,2584
PEDRO MOLINA,2585
PUERTO MADERO,2586
Pablo Podestá,2587
Pacará,2588
Pacheco de Melo,2589
Padre Lozano,2590
Pagancillo,2591
Pago Chico,2592
Paicone,2593
Pajas Blancas,2594
Pala Pala,2595
Palacios,2596
Palca de Aparzo,2597
Palca de Varas,2598
Palma Sola,2599
Palmar Grande,2600
Palo Blanco,2601
Palo Labrado,2602
Palo Negro,2603
Palo Santo,2604
Palo Seco,2605
Palos Blancos,2606
Palpalá (Est. Gral. Manuel N. Savio),2607
Pampa Almirón,2608
Pampa Blanca,2609
Pampa Del Tamboreo,2610
Pampa Grande,2611
Pampa Landriel,2612
Pampa Vieja,2613
Pampa de los Guanacos,2614
Pampa del Indio,2615
Pampa del Infierno,2616
Pampayasta Norte,2617
Pampayasta Sur,2618
Pampichuela,2619
Panaholma,2620
Panambi Kilómetro 15,2621
Panambí,2622
Panambí Kilómetro 8,2623
Panquehua,2624
Papagayos,2625
Parada Acuña,2626
Parada Labougle,2627
Parada Orlando,2628
Parada Pucheta,2629
Parada Robles - Pavón,2630
Paraje 29,2631
Paraje Chaco Chico,2632
Paraje La Agraria,2633
Paraje La Costa,2634
Paraje La Ruta,2635
Paraje La Virgen,2636
Paraje San Manuel,2637
Paraná,2638
Parapetí,2639
Paraíso,2640
Pardo,2641
Pareditas,2642
Parera,2643
Parque Calmayo,2644
Pascanas,2645
Pasco,2646
Pasman,2647
Paso Aguerre,2648
Paso Córdova,2649
Paso Del Rey,2650
Paso Flores,2651
Paso Grande,2652
Paso Viejo,2653
Paso de Indios,2654
Paso de la Laguna,2655
Paso de la Patria,2656
Paso de los Libres,2657
Paso del Durazno,2658
Paso del Sapo,2659
Pasteur,2660
Pastor Britos,2661
Pastos Chicos,2662
Patay,2663
Patquía,2664
Patricios,2665
Paula,2666
Paulina,2667
Pavón,2668
Pavón Arriba,2669
Payogasta,2670
Pearson,2671
Pedernal,2672
Pedernales,2673
Pedro Gómez Cello,2674
Pedro Luro,2675
Pedro R. Fernández (Est. Manuel F. Mantilla),2676
Pehuajó,2677
Pellegrini,2678
Península Ruca Co,2679
Perdriel,2680
Pereyra,2681
Pergamino,2682
Perico,2683
Perito Moreno,2684
Perugorría,2685
Perú,2686
Peyrano,2687
Peñas Blancas,2688
Phillips,2689
Piamonte,2690
Pichanal,2691
Pichi Huinca,2692
Pichi Mahuida,2693
Pichincha,2694
Pico Truncado,2695
Picún Leufú,2696
Pie de Palo,2697
Piedra del Águila,2698
Piedrabuena,2699
Piedras Blancas,2700
Piedritas,2701
Pieres,2702
Pigüé,2703
Pila,2704
Pila Pardo,2705
Pilar,2706
Pilcaniyeu,2707
Pilquiniyeu,2708
Pilquiniyeu del Limay,2709
Pinamar,2710
Pinchas,2711
Pincén,2712
Pindapoy,2713
Pineyro,2714
Pinzón,2715
Pipinas,2716
Piquete Cabado,2717
Piquillín,2718
Piquirenda,2719
Pirané,2720
Piray Kilómetro 18,2721
Pirovano,2722
Pismanta,2723
Pituil,2724
Piñalito Norte,2725
Piñalito Sur,2726
Piñero (Est. Erasto),2727
Pla,2728
Planta De Sandia,2729
Playa Dorada,2730
Playa Magagna,2731
Playa Unión,2732
Playas Doradas,2733
Plaza Clucellas,2734
Plaza Huincul,2735
Plaza Luxardo,2736
Plaza Matilde,2737
Plaza Saguier,2738
Plaza San Francisco,2739
Plaza Vieja,2740
Plaza de Mercedes,2741
Plomer,2742
Plottier,2743
Pluma de Pato,2744
Plátanos,2745
Poblet,2746
Pobre Diablo,2747
Polco,2748
Polcos,2749
Polvaredas,2750
Pomancillo Este,2751
Pomancillo Oeste,2752
Pomona,2753
Pomán,2754
Pontaut,2755
Pontevedra,2756
Portezuelo,2757
Porteña,2758
Portón Negro,2759
Porvenir,2760
Posada de los Lagos,2761
Posadas,2762
Posadas (Extensión),2763
Poscaya,2764
Posta Cambio Zalazar,2765
Potrerillo,2766
Potrerillos,2767
Potrero de Garay,2768
Potrero de los Funes,2769
Pozo Betbeder,2770
Pozo Borrado,2771
Pozo Cavado,2772
Pozo Del Carril,2773
Pozo Del Mistol,2774
Pozo Del Molle,2775
Pozo Del Tala,2776
Pozo Hondo,2777
Pozo Nuevo,2778
Pozo Salado,2779
Pozo de Maza,2780
Pozo de los Indios,2781
Pozo del Molle,2782
Pozo del Mortero,2783
Pozo del Tigre,2784
Pozuelos,2785
Prahuaniyeu,2786
Presa El Tunal,2787
Presidencia Roca,2788
Presidencia Roque Sáenz Peña,2789
Presidencia de la Plaza,2790
Presidente Derqui,2791
Presidente Roca,2792
Presidente Sarmiento,2793
Profesor Salvador Mazza,2794
Profundidad,2795
Progreso,2796
Pronunciamiento,2797
Providencia,2798
Pueblo Andino,2799
Pueblo Arrúa (Est. Alcaraz),2800
Pueblo Bellocq (Est. Las Garzas),2801
Pueblo Brugo,2802
Pueblo Cazes,2803
Pueblo Comechingones,2804
Pueblo Doyle,2805
Pueblo Esther,2806
Pueblo General Belgrano,2807
Pueblo General San Martín,2808
Pueblo Gouin,2809
Pueblo Illia,2810
Pueblo Independencia,2811
Pueblo Italiano,2812
Pueblo Ledesma,2813
Pueblo Libertador,2814
Pueblo Liebig's,2815
Pueblo Marini,2816
Pueblo Moreno,2817
Pueblo Muñoz (Est. Bernard),2818
Pueblo Nuevo,2819
Pueblo Pablo Torelo (Est. Otumpa),2820
Pueblo San Jorge,2821
Pueblo Santa Lucía,2822
Pueblo Uranga,2823
Pueblo Viejo,2824
Puelches,2825
Puelén,2826
Puente Cero,2827
Puente Lavayén,2828
Puente de Hierro,2829
Puente del Inca,2830
Puerta Colorada,2831
Puerta de Colorados,2832
Puerta de Corral Quemado,2833
Puerta de San José,2834
Puerto Andresito,2835
Puerto Aragón,2836
Puerto Arroyo Seco,2837
Puerto Bermejo Nuevo,2838
Puerto Bermejo Viejo,2839
Puerto Deseado,2840
Puerto Eva Perón,2841
Puerto General San Martín,2842
Puerto Iguazú,2843
Puerto Las Cuevas,2844
Puerto Lavalle,2845
Puerto Leoni,2846
Puerto Mado,2847
Puerto Madryn,2848
Puerto Paraná,2849
Puerto Pilcomayo,2850
Puerto Pinares,2851
Puerto Piray,2852
Puerto Pirámide,2853
Puerto Reconquista,2854
Puerto Rico,2855
Puerto Ruiz,2856
Puerto San Antonio Este,2857
Puerto San Julián,2858
Puerto Santa Ana,2859
Puerto Santa Cruz,2860
Puerto Tirol,2861
Puerto Vilelas,2862
Puerto Yeruá,2863
Puesto Sey,2864
Puesto Viejo,2865
Puesto de Castro,2866
Puesto de San Antonio,2867
Puesto del Marquéz,2868
Pujato,2869
Pumahuasi,2870
Punta Alta (Est Almirante Solier),2871
Punta Colorada,2872
Punta De La Loma,2873
Punta Indio,2874
Punta Lara,2875
Punta Mogotes,2876
Punta de Balasto,2877
Punta de Vacas,2878
Punta de los Llanos,2879
Punta del Agua,2880
Punta del Médano,2881
Purmamarca,2882
Puán,2883
Pérez,2884
Pérez Millán,2885
Quebracho Herrado,2886
Quebracho Ladeado,2887
Quebrada de Luna,2888
Quebrada de los Pozos,2889
Quebraleña,2890
Quehué,2891
Quemú Quemú,2892
Quenumá,2893
Quera,2894
Quetrequén,2895
Quili Malal,2896
Quilino,2897
Quilmes,2898
Quilmes Oeste,2899
Quimilí,2900
Quines,2901
Quinta El Mirador,2902
Quinto Cuartel,2903
Quirós,2904
Quitilipi,2905
RECOLETA,2906
RETIRO,2907
RINCON NORTE,2908
RODEO DE LA CRUZ,2909
Rada Tilly,2910
Rafael Calzada,2911
Rafael Castillo,2912
Rafael García,2913
Rafael Obligado,2914
Rafaela,2915
Rama Caída,2916
Ramada Paso,2917
Ramallo,2918
Ramayón,2919
Ramblones,2920
Ramon M. Castro,2921
Ramona,2922
Ramos Mejía,2923
Ramos Otero,2924
Ramírez de Velazco,2925
Ramón Biaus,2926
Ramón J. Cárcano,2927
Ramón Santamarina,2928
Rancagua,2929
Ranchillos,2930
Ranchos,2931
Rancul,2932
Ranelagh,2933
Ranqueles,2934
Rapelli,2935
Rauch,2936
Rawson,2937
Rayo Cortado,2938
Real Sayana,2939
Real del Padre,2940
Realicó,2941
Recalde,2942
Recaredo,2943
Reconquista,2944
Recreo,2945
Reducción de Abajo,2946
Relmo,2947
Remedios De Escalada,2948
Remedios Escalada De San Martin,2949
Renca,2950
Represa Del Carmen,2951
Reserva Area Protegida El Doradillo,2952
Resistencia,2953
Reta,2954
Riacho He-He,2955
Riacho Negro,2956
Riachuelo,2957
Ricardo Rojas,2958
Ricardone,2959
Rincon Del Carmen,2960
Rinconada,2961
Rinconadillas,2962
Rincón,2963
Rincón Potrero,2964
Rincón de Azara,2965
Rincón de Milberg,2966
Rincón de Nogoyá,2967
Rincón de los Sauces,2968
Ringuelet,2969
Rio Blanco,2970
Rio Quinto,2971
Rio Villegas,2972
Riocito,2973
Rivadavia,2974
Rivera,2975
Roberto Cano,2976
Roberto De Vicenzo,2977
Roberto J. Payró,2978
Roberts,2979
Roca Chica,2980
Rocamora,2981
Rodeito,2982
Rodeo,2983
Rodeo De Cadenas,2984
Rodeo de Valdez,2985
Rodeo del Medio,2986
Rodero,2987
Rodríguez Peña,2988
Rojas,2989
Roldán,2990
Rolón,2991
Romang,2992
Roosevelt,2993
Roque Pérez,2994
Rosales,2995
Rosario,2996
Rosario de Lerma,2997
Rosario de Río Grande,2998
Rosario de la Frontera,2999
Rosario del Saladillo,3000
Rosario del Tala,3001
Rospentek,3002
Roversi,3003
Rucanelo,3004
Rueda,3005
Rufino,3006
Rufino De Elizalde,3007
Ruiz de Montoya,3008
Russell,3009
Río Bamba,3010
Río Ceballos,3011
Río Chico,3012
Río Chico (Est. Cerro Mesa),3013
Río Colorado,3014
Río Cuarto,3015
Río Gallegos,3016
Río Grande,3017
Río Juan Gómez,3018
Río Mayo,3019
Río Muerto,3020
Río Pico,3021
Río Piedras,3022
Río Primero,3023
Río Seco,3024
Río Segundo,3025
Río Tala,3026
Río Tercero,3027
Río de los Sauces,3028
Río del Valle,3029
SAAVEDRA,3030
SAN CRISTOBAL,3031
SAN FRANCISCO DEL MONTE,3032
SAN NICOLAS,3033
SAN TELMO,3034
Sa Pereyra,3035
Saavedra,3036
Sacanta,3037
Sachayoj,3038
Saco Viejo,3039
Saenz Peña,3040
Saforcada,3041
Sagrada Familia,3042
Saira,3043
Saladas,3044
Saladero Mariano Cabal,3045
Saladillo,3046
Salazar,3047
Saldungaray,3048
Saldán,3049
Salicas,3050
Salicas - San Blas,3051
Salinas del Bebedero,3052
Salliqueló,3053
Salsacate,3054
Salsipuedes,3055
Salta,3056
Salto,3057
Salto Andersen,3058
Salto Encantado,3059
Salto Grande,3060
Salto de Las Rosas,3061
Salvador María,3062
Samborombón,3063
Sampacho,3064
Samuhú,3065
San Agustín,3066
San Alberto,3067
San Andrés,3068
San Andrés de Giles,3069
San Antonio,3070
San Antonio De Padua,3071
San Antonio Oeste,3072
San Antonio de Areco,3073
San Antonio de Arredondo,3074
San Antonio de Litín,3075
San Antonio de Obligado,3076
San Antonio de los Cobres,3077
San Basilio,3078
San Benito,3079
San Bernardo,3080
San Bernardo (Est. Guanaco),3081
San Blas,3082
San Carlos,3083
San Carlos Centro,3084
San Carlos Minas,3085
San Carlos Norte,3086
San Carlos Sud,3087
San Carlos de Bariloche,3088
San Carlos de Bolívar (Est. Bolívar),3089
San Cayetano,3090
San Clemente,3091
San Clemente del Tuyú,3092
San Cosme,3093
San Cristóbal,3094
San Eduardo,3095
San Emilio,3096
San Enrique,3097
San Esteban,3098
San Eugenio,3099
San Fabián,3100
San Felipe,3101
San Fernando,3102
San Fernando del Valle de Catamarca,3103
San Francisco,3104
San Francisco Solano,3105
San Francisco de Alfarcito,3106
San Francisco de Asís,3107
San Francisco de Bellocq,3108
San Francisco de Laishi,3109
San Francisco de Santa Fe,3110
San Francisco del Chañar,3111
San Francisco del Monte de Oro,3112
San Genaro,3113
San Genaro Norte,3114
San Germán,3115
San Gerónimo,3116
San Gotardo,3117
San Gregorio,3118
San Guillermo,3119
San Gustavo,3120
San Hilario,3121
San Huberto,3122
San Ignacio,3123
San Ignacio (Loteo San Javier),3124
San Ignacio (Loteo Vélez Crespo),3125
San Isidro,3126
San Isidro (Est. Los Angacos),3127
San Jaime de la Frontera,3128
San Javier,3129
San Javier y Yacanto,3130
San Jerónimo,3131
San Jerónimo Norte,3132
San Jerónimo Sud,3133
San Jerónimo del Sauce,3134
San Joaquín,3135
San Jorge,3136
San Jose,3137
San Jose Banda,3138
San Jose Norte,3139
San José,3140
San José de Feliciano,3141
San José de Jáchal,3142
San José de La Cocha,3143
San José de Metán,3144
San José de Orquera,3145
San José de la Dormida,3146
San José de la Esquina,3147
San José de las Salinas,3148
San José del Boquerón,3149
San José del Morro,3150
San José del Rincón,3151
San Juan,3152
San Juan de Oros,3153
San Juan de Quillaqués,3154
San Juancito,3155
San Justo,3156
San Lorenzo,3157
San Lucas,3158
San Luis,3159
San Luis del Palmar,3160
San Manuel,3161
San Marcos,3162
San Marcos Sierra,3163
San Mariano,3164
San Martín,3165
San Martín I,3166
San Martín II,3167
San Martín Norte,3168
San Martín de las Escobas,3169
San Martín de los Andes,3170
San Mauricio,3171
San Mayol,3172
San Miguel,3173
San Miguel de Tucumán (Est. Tucumán),3174
San Miguel del Monte (Est. Monte),3175
San Nicolás,3176
San Nicolás de los Arroyos,3177
San Pablo,3178
San Pablo De Reyes,3179
San Patricio del Chañar,3180
San Pedro,3181
San Pedro (Est. San Pedro de Jujuy),3182
San Pedro Norte,3183
San Pedro de Colalao,3184
San Pedro de Gütemberg,3185
San Pedro de Toyos,3186
San Rafael,3187
San Ramón,3188
San Ramón de la Nueva Orán,3189
San Román,3190
San Roque,3191
San Roque Del Lago,3192
San Salvador,3193
San Salvador de Jujuy (Est. Jujuy),3194
San Sebastián,3195
San Severo,3196
San Vicente,3197
San Víctor,3198
Sanabria,3199
Sancti Spiritu,3200
Sanford,3201
Sansinena,3202
Santa Ana,3203
Santa Ana de la Puna,3204
Santa Anita,3205
Santa Catalina,3206
Santa Catalina (Est. Holmberg),3207
Santa Clara,3208
Santa Clara de Buena Vista,3209
Santa Clara de Saguier,3210
Santa Clara del Mar,3211
Santa Coloma,3212
Santa Cruz,3213
Santa Elena,3214
Santa Eleodora,3215
Santa Eufemia,3216
Santa Fe,3217
Santa Florentina,3218
Santa Isabel,3219
Santa Lucía,3220
Santa Luisa,3221
Santa Magdalena (Est. Jovita),3222
Santa Margarita,3223
Santa Martina,3224
Santa María,3225
Santa María de Oro,3226
Santa María de Punilla,3227
Santa Monica,3228
Santa Regina,3229
Santa Rita,3230
Santa Rita de Catuna,3231
Santa Rosa,3232
Santa Rosa De Catantal,3233
Santa Rosa Del Gigante,3234
Santa Rosa de Calamuchita,3235
Santa Rosa de Calchines,3236
Santa Rosa de Leales,3237
Santa Rosa de Río Primero,3238
Santa Rosa de los Pastos Grandes,3239
Santa Rosa del Conlara,3240
Santa Sylvina,3241
Santa Teresa,3242
Santa Teresita - Mar del Tuyú,3243
Santa Trinidad,3244
Santa Vera Cruz,3245
Santa Victoria,3246
Santa Victoria Este,3247
Santiago Temple,3248
Santiago de Liniers,3249
Santiago del Estero,3250
Santo Domingo,3251
Santo Pipó,3252
Santo Tomás,3253
Santo Tomé,3254
Santos Lugares,3255
Santuario de Tres Pozos,3256
Santurce,3257
Sarah,3258
Sarandí,3259
Sarasa,3260
Sargento Cabral,3261
Sargento Moya,3262
Sargento Vidal,3263
Sarmiento,3264
Sastre,3265
Saturnino María Laspiur,3266
Sauce,3267
Sauce Arriba,3268
Sauce Montrull,3269
Sauce Pinto,3270
Sauce Viejo,3271
Sauce de Luna,3272
Saujil,3273
Sauzal,3274
Sañogasta,3275
Sebastián Elcano,3276
Seclantás,3277
Seeber,3278
Segunda Usina,3279
Seguí,3280
Selva,3281
Selvas del Río de Oro,3282
Senillosa,3283
Serodino,3284
Serrano,3285
Serrezuela,3286
Sevigne,3287
Shaqui,3288
Sierra Chica,3289
Sierra Colorada,3290
Sierra Grande,3291
Sierra Pailemán,3292
Sierra de la Ventana,3293
Sierra de los Padres,3294
Sierras Bayas,3295
Sierras De Encalada,3296
Siete Palmas,3297
Siján,3298
Silva (Est. Abipones),3299
Silvio Pellico,3300
Simbol,3301
Simbolar,3302
Simoca,3303
Singuil,3304
Sinsacate,3305
Sir Leonard,3306
Smith,3307
Socavones,3308
Sol de Julio,3309
Sol de Mayo,3310
Solanet,3311
Solar de los Molinos,3312
Soldado Maldonado,3313
Soldini,3314
Soledad,3315
Solís,3316
Sosa,3317
Speluzzi,3318
Stephenson,3319
Strobel,3320
Stroeder,3321
Suardi,3322
Subteniente Perín,3323
Suco,3324
Suipacha,3325
Sumalao,3326
Sumamao,3327
Sumampa,3328
Sumampa Viejo,3329
Sunchales,3330
Suncho Corral,3331
Sundblad,3332
Suriyaco,3333
Susana,3334
Susques,3335
Suyuque Nuevo,3336
Tabay,3337
Tabossi,3338
Taco Pozo,3339
Taco Ralo,3340
Tacuarendí (Emb. Kilómetro 421),3341
Tacural,3342
Tafí Viejo,3343
Tafí del Valle,3344
Tala Cañada,3345
Tala Huasi,3346
Tala Verde,3347
Talaini,3348
Talapampa,3349
Talita,3350
Tama,3351
Tamangueyú,3352
Tamberías,3353
Tambillos,3354
Tancacha,3355
Tandil,3356
Taninga,3357
Tanti,3358
Tapalqué,3359
Tapebicuá,3360
Tapiales,3361
Tapso,3362
Taquimilán,3363
Tartagal,3364
Tartagal (Est. El Tajamar),3365
Taruma,3366
Tasna,3367
Tatacua,3368
Tatané,3369
Tatón,3370
Tecka,3371
Tedín Uriburu,3372
Tejas Tres,3373
Tellier,3374
Telsen,3375
Telén,3376
Temperley,3377
Teniente Berdina,3378
Teniente Origone,3379
Teodelina,3380
Termas de Río Hondo,3381
Termas de Santa Teresita,3382
Tezanos Pintos,3383
Thames,3384
Theobald,3385
Ticino,3386
Tierra Alta,3387
Tigre,3388
Tilcara,3389
Tilimuqui,3390
Tilisarao,3391
Timbúes,3392
Timote,3393
Tinoco,3394
Tinogasta,3395
Tintina,3396
Toay,3397
Toba,3398
Tobantirenda,3399
Tobuna,3400
Todd,3401
Tolar Grande,3402
Toledo,3403
Tolhuin,3404
Tolloche,3405
Tolombón,3406
Tolosa,3407
Tomas M. Anchorena,3408
Tomás Jofré,3409
Tomás Young,3410
Tornquist,3411
Toro Negro,3412
Toro Pujio,3413
Torres,3414
Tortugas,3415
Tortuguitas,3416
Tosno,3417
Tosquitas,3418
Tostado,3419
Totoras,3420
Traill,3421
Tramo 16,3422
Tramo 20,3423
Tranquitas,3424
Transradio,3425
Trebolares,3426
Trelew,3427
Trenel,3428
Treneta,3429
Trenque Lauquen,3430
Tres Algarrobos (Est. Cuenca),3431
Tres Arroyos,3432
Tres Capones,3433
Tres Cruces,3434
Tres Isletas,3435
Tres Lagos,3436
Tres Lagunas,3437
Tres Lomas,3438
Tres Luces,3439
Tres Picos,3440
Tres Porteñas,3441
Tres Sargentos,3442
Trevelín,3443
Tricao Malal,3444
Trinchera,3445
Tristán Suarez,3446
Triunvirato,3447
Trongé,3448
Trujui,3449
Tránsito,3450
Tuclame,3451
Tudcum,3452
Tumbaya,3453
Tunuyán,3454
Tupelí,3455
Tupungato,3456
Turdera,3457
Tusaquillas,3458
Tuyubil,3459
Tío Pujio,3460
Ubajay,3461
Ucacha,3462
Udaquiola,3463
Ugarteche,3464
Ulapes,3465
Unanué,3466
Unión,3467
Unquillo,3468
Uquía (Est. Senador Pérez),3469
Urdampilleta,3470
Urdinarrain,3471
Uribelarrea,3472
Uriburu,3473
Urundel,3474
Urutaú,3475
Ushuaia,3476
Usno,3477
Uspallata,3478
VELEZ SARSFIELD,3479
VERSALLES,3480
VILLA CRESPO,3481
VILLA DEL PARQUE,3482
VILLA DEVOTO,3483
VILLA GENERAL MITRE,3484
VILLA LUGANO,3485
VILLA LURO,3486
VILLA NUEVA,3487
VILLA ORTUZAR,3488
VILLA PUEYRREDON,3489
VILLA REAL,3490
VILLA RIACHUELO,3491
VILLA SANTA RITA,3492
VILLA SOLDATI,3493
VILLA URQUIZA,3494
VILLA ZORRAQUIN,3495
VISTALBA,3496
Va Ma Irene De Los Remedios De Escalada,3497
Vaca Huañuna,3498
Vaca Perdida,3499
Valcheta,3500
Valdés,3501
Valentín Alsina,3502
Valeria Del Mar,3503
Valle Alegre,3504
Valle Azul,3505
Valle Colorado,3506
Valle De Pancanta,3507
Valle Del Sol,3508
Valle Grande,3509
Valle Hermoso,3510
Valle de Anisacate,3511
Vallecito,3512
Vaqueros,3513
Varela,3514
Varvarco,3515
Vedia,3516
Velloso,3517
Venado Tuerto,3518
Venados Grandes,3519
Vera (Est. Gobernador Vera),3520
Vera y Pintado (Est. Guaraníes),3521
Verónica,3522
Viale,3523
Viamonte,3524
Vicente Casares,3525
Vicente López,3526
Vichigasta,3527
Victoria,3528
Victorica,3529
Vicuña Mackenna,3530
Videla,3531
Viedma,3532
Vieytes,3533
Vila,3534
Vilelas,3535
Vilismán,3536
Villa Aberastain,3537
Villa Aberastain - La Rinconada,3538
Villa Adela,3539
Villa Adelina,3540
Villa Akerman,3541
Villa Alberdi,3542
Villa Albertina,3543
Villa Alfredo Fortabat,3544
Villa Allende,3545
Villa Alpina,3546
Villa Alsina (Est. Alsina),3547
Villa Amancay,3548
Villa Amelia,3549
Villa Ampacama,3550
Villa Ana,3551
Villa Angela,3552
Villa Angélica (Est. El Socorro),3553
Villa Antigua,3554
Villa Arguello,3555
Villa Arrieta,3556
Villa Ascasubi,3557
Villa Astolfi,3558
Villa Atamisqui,3559
Villa Atuel,3560
Villa Atuel Norte,3561
Villa Ayacucho,3562
Villa Ballester,3563
Villa Barbosa - Villa Nacusi,3564
Villa Barboza,3565
Villa Basilio Nievas,3566
Villa Bastias,3567
Villa Belgrano,3568
Villa Benjamín Aráoz,3569
Villa Berna,3570
Villa Bernardo Monteagudo,3571
Villa Berthet,3572
Villa Bolaños,3573
Villa Bonita,3574
Villa Bordeau,3575
Villa Borjas,3576
Villa Borjas - La Chimbera,3577
Villa Bosch (Est. Juan Maria Bosch),3578
Villa Brown,3579
Villa Burruyacú,3580
Villa Cacique (Est. Alfredo Fortabat),3581
Villa Campanario,3582
Villa Campi,3583
Villa Candelaria,3584
Villa Canto,3585
Villa Carlos Paz,3586
Villa Carmela,3587
Villa Castelar (Est. Erize),3588
Villa Castelli,3589
Villa Catedral,3590
Villa Catela,3591
Villa Cañás,3592
Villa Centenario,3593
Villa Cerro Azul,3594
Villa Chacabuco,3595
Villa Chicligasta,3596
Villa Ciudad Parque Los Reartes,3597
Villa Ciudad Parque Los Reartes (1a. Sección),3598
Villa Ciudad Parque Los Reartes (3a. Sección),3599
Villa Ciudad de América (Loteo Diego de Rojas),3600
Villa Clara,3601
Villa Clodomiro Hileret,3602
Villa Concepción del Tío,3603
Villa Constitución,3604
Villa Cooperativa,3605
Villa Corazon De Maria,3606
Villa Coronel Jose M. Zapiola,3607
Villa Cura Brochero,3608
Villa Córdoba,3609
Villa De Mayo,3610
Villa Dolores,3611
Villa Dominguito (Est. Puntilla Blanca),3612
Villa Domínguez,3613
Villa Domínico,3614
Villa Don Bosco (Est. Angaco Sud),3615
Villa Eduardo Madero,3616
Villa El Chacay,3617
Villa El Chocón,3618
Villa El Fachinal - Parque Norte - Guiñazú Norte,3619
Villa El Palmar,3620
Villa El Refugio,3621
Villa El Salvador,3622
Villa El Salvador - Villa Sefair,3623
Villa El Tala,3624
Villa El Tango,3625
Villa Elisa,3626
Villa Eloísa,3627
Villa Elvira,3628
Villa Escolar,3629
Villa España,3630
Villa Esperanza,3631
Villa Espil,3632
Villa Espora,3633
Villa Fiad - Ingenio Leales,3634
Villa Figueroa,3635
Villa Fiorito,3636
Villa Flor Serrana,3637
Villa Fontana,3638
Villa Francia (Est. Coronel Granada),3639
Villa Futalaufquen,3640
Villa Garibaldi,3641
Villa General Antonio J. De Sucre,3642
Villa General Arias (Est. Kilómetro 638),3643
Villa General Belgrano,3644
Villa General Eugenio Necochea,3645
Villa General Fournier (Est. 9 de Julio Sud),3646
Villa General Güemes,3647
Villa General Jose Tomas Guido,3648
Villa General Juan G. Las Heras,3649
Villa General Manuel Belgrano,3650
Villa General Mitre (Est. Pinto),3651
Villa General Roca,3652
Villa General San Martin,3653
Villa General San Martín - Campo Afuera,3654
Villa General Savio (Est. Sánchez),3655
Villa Gesell,3656
Villa Giardino,3657
Villa Giménez,3658
Villa Gobernador Gálvez,3659
Villa Gobernador Luis F. Etchevehere,3660
Villa Gobernador Udaondo,3661
Villa Godoy Cruz,3662
Villa Granaderos De San Martín,3663
Villa Gregoria Matorras,3664
Villa Grisolía (Est. Achupallas),3665
Villa Guillermina,3666
Villa Gutiérrez,3667
Villa Hipodromo,3668
Villa Huidobro,3669
Villa Ibáñez,3670
Villa Independencia,3671
Villa Iris,3672
Villa Josefina,3673
Villa José León Suarez,3674
Villa Juan Martín De Pueyrredon,3675
Villa Kilómetro 213,3676
Villa Krause,3677
Villa La Angostura,3678
Villa La Arcadia,3679
Villa La Bolsa,3680
Villa La Florida,3681
Villa La Punta,3682
Villa La Rivera,3683
Villa La Rivera (Oliveros),3684
Villa La Rivera (Pueblo Andino),3685
Villa La Serranía,3686
Villa La Viña,3687
Villa Lago Azul,3688
Villa Lago Meliquina,3689
Villa Laguna La Brava,3690
Villa Larca,3691
Villa Las Flores,3692
Villa Las Pirquitas,3693
Villa Laura (Est. Constituyentes),3694
Villa Libertad,3695
Villa Libertad (Municipio Caá Yarí),3696
Villa Libertad (Municipio Leandro N. Alem),3697
Villa Libertador San Martín,3698
Villa Llanquín,3699
Villa Llao Llao,3700
Villa Los Aromos,3701
Villa Los Coihues,3702
Villa Los Llanos - Juárez Celman,3703
Villa Los Patos,3704
Villa Los Álamos,3705
Villa Luzuriaga,3706
Villa Lynch,3707
Villa Lynch Pueyrredón,3708
Villa Lía,3709
Villa Mailín,3710
Villa Maipu,3711
Villa Malvinas Argentinas,3712
Villa Mantero,3713
Villa Manuel Pomar,3714
Villa Manzano,3715
Villa Margarita,3716
Villa Mariano Moreno - El Colmenar,3717
Villa Marini,3718
Villa Marqués Alejandro María De Aguado,3719
Villa Martelli,3720
Villa María,3721
Villa Mascardi,3722
Villa Mazán,3723
Villa Media Agua,3724
Villa Mercedes,3725
Villa Minetti,3726
Villa Mirasol,3727
Villa Moll (Est. Moll),3728
Villa Montoro,3729
Villa Mugueta,3730
Villa Nacusi,3731
Villa Nueva,3732
Villa Ocampo,3733
Villa Oeste,3734
Villa Ojo de Agua,3735
Villa Olivari,3736
Villa Ortiz (Est. Coronel Mom),3737
Villa Padre Monti,3738
Villa Paranacito,3739
Villa Parodi,3740
Villa Parque Cecir,3741
Villa Parque Girado,3742
Villa Parque Pres Figueroa Alcorta,3743
Villa Parque San Lorenzo,3744
Villa Parque Santa Ana,3745
Villa Parque Sicardi,3746
Villa Parque Siquimán,3747
Villa Pastora,3748
Villa Paula Albarracin,3749
Villa Pehuenia,3750
Villa Pituil,3751
Villa Porteña,3752
Villa Progreso,3753
Villa Quilino,3754
Villa Quillinzo,3755
Villa Quinteros,3756
Villa Raffo,3757
Villa Ramallo,3758
Villa Recaste,3759
Villa Reducción,3760
Villa Regina,3761
Villa Reynolds,3762
Villa Riccio,3763
Villa Roch,3764
Villa Rodríguez (Est. Barrow),3765
Villa Rosa,3766
Villa Rossi,3767
Villa Roth (Est. Ingeniero Balbín),3768
Villa Roulet,3769
Villa Ruiz,3770
Villa Rumipal,3771
Villa Río Bermejito,3772
Villa Río Hondo,3773
Villa Río Icho Cruz,3774
Villa Saboya,3775
Villa Salavina,3776
Villa Salles,3777
Villa San Agustín,3778
Villa San Andrés,3779
Villa San Carlos,3780
Villa San Esteban,3781
Villa San Isidro,3782
Villa San Isidro - José de la Quintana,3783
Villa San Javier,3784
Villa San José,3785
Villa San José de Vinchina,3786
Villa San Justo,3787
Villa San Lorenzo,3788
Villa San Luis,3789
Villa San Marcial (Est. Gobernador Urquiza),3790
Villa San Martín,3791
Villa San Martín (Est. Loreto),3792
Villa San Miguel,3793
Villa Sanagasta,3794
Villa Santa Cruz del Lago,3795
Villa Santa Eugenia,3796
Villa Santa Rosa,3797
Villa Santos Tesei,3798
Villa Saralegui,3799
Villa Sarmiento,3800
Villa Sauze,3801
Villa Sefair (Talacasto),3802
Villa Serrana La Gruta,3803
Villa Sierras de Oro,3804
Villa Silípica,3805
Villa Tacu,3806
Villa Tercera,3807
Villa Teresa,3808
Villa Traful,3809
Villa Trinidad,3810
Villa Tulumaya,3811
Villa Tulumba,3812
Villa Turística del Embalse,3813
Villa Unión,3814
Villa Urquiza,3815
Villa Urrutia,3816
Villa Valeria,3817
Villa Vatteone,3818
Villa Ventana,3819
Villa Vil,3820
Villa Yacanto,3821
Villa Yapeyú,3822
Villa Zula,3823
Villa de Balcozna,3824
Villa de Leales,3825
Villa de María,3826
Villa de Pocho,3827
Villa de Praga,3828
Villa de Soto,3829
Villa de Trancas,3830
Villa de la Quebrada,3831
Villa de las Rosas,3832
Villa del Carmen,3833
Villa del Curi Leuvú,3834
Villa del Dique,3835
Villa del Mar,3836
Villa del Nahueve,3837
Villa del Parque,3838
Villa del Plata,3839
Villa del Prado,3840
Villa del Rosario,3841
Villa del Totoral,3842
Villa del Tránsito,3843
Villada,3844
Villaguay,3845
Villalonga,3846
Villanueva (Ap. Río Salado),3847
Villars,3848
Vilmer,3849
Vinalito,3850
Vinará,3851
Virginia,3852
Virrey Del Pino,3853
Virreyes,3854
Vista Alegre Norte,3855
Vista Alegre Sur,3856
Vista Flores,3857
Vivoratá,3858
Viña,3859
Volcán,3860
Vuelta de la Barranca,3861
Vásquez,3862
Vértiz,3863
Wanda,3864
Warnes,3865
Washington,3866
Weisburd,3867
Wenceslao Escalante,3868
Wheelwright,3869
Wichi,3870
Wilde,3871
Wildermuth (Est. Granadero B. Bustos),3872
William C. Morris,3873
Winifreda,3874
XX de Setiembre,3875
Yacimientos Río Turbio,3876
Yacoraite,3877
Yacuy,3878
Yahapé,3879
Yala,3880
Yala Laubat,3881
Yaminué,3882
Yanda,3883
Yapes,3884
Yapeyú,3885
Yatayti Calle,3886
Yavi,3887
Yavi Chico,3888
Yerba Buena - Marcos Paz,3889
Yocsina,3890
Yoscaba,3891
Yuchán,3892
Yuto,3893
Yutuyaco,3894
Zanjitas,3895
Zapala,3896
Zaparinqui,3897
Zavalla,3898
Zavalía,3899
Zelaya,3900
Zenón Pereyra,3901
Zenón Videla Dorna,3902
Zona Aeropuerto Internacional Ezeiza,3903
Zárate,3904
ruta del sol,3905
Álvarez,3906
Árraga,3907
Ñancay,3908
Ñanducita,3909
Ñirihuau,3910
Ñorquincó,3911
ALPA CORRAL,3912
Adolfo Gonzales Chaves  (Est. Chaves),3913
Alberti   (Est. Andrés Vaccarezza),3914
Alfredo Demarchi  (Est. Facundo Quiroga),3915
Alpasinche,3916
Barrio Del Lago,3917
Benito Juárez  (Est. Juárez),3918
Buena Nueva,3919
Capilla del Señor  (Est. Capilla),3920
Carrodilla,3921
Casa De Piedra,3922
Centinela Del Mar,3923
Cerro De La Gloria,3924
Chacras De Coria,3925
Chacras Del Río Luján,3926
Ciudad Autónoma de Buenos Aires,3927
Colonia San Ricardo  (Est. Iriarte),3928
Coquimbito,3929
Coronel Martínez de Hoz  (Ap. Kilómetro 322),3930
Coronel Pringles  (Est. Pringles),3931
Dorrego,3932
EL PARAÍSO,3933
El Challao,3934
El Perdido  (Est. José A. Guisasola),3935
El Plumerillo,3936
El Resguardo,3937
General Daniel Cerri  (Est. General Cerri),3938
General Gutierrez,3939
General Las Heras  (Est. Las Heras),3940
General Mansilla  (Est. Bartolomé Bavio),3941
General Villegas  (Est. Villegas),3942
Germania  (Est. Mayor José Orellano),3943
ITALÓ,3944
Jesus Nazareno,3945
Juan Anchorena  (Est. Urquiza),3946
Juan Bautista Alberdi  (Est. Alberdi),3947
Juan Cousté  (Est. Algarrobo),3948
LAS ALBAHACAS,3949
La Merced Del Encón,3950
Laguna Alsina  (Est. Bonifacio),3951
Las Tortugas,3952
Luzuriaga,3953
Manuel Alberti,3954
Manuel B. Gonnet  (Est. French),3955
Manuel J. Cobo  (Est. Lezama),3956
Mariano H. Alfonzo  (Est. San Patricio),3957
Mariano I. Loza  (Est. Justino Solari),3958
María Ignacia  (Est. Vela),3959
Mayor Drummond,3960
Micaela Cascallares  (Est. Cascallares),3961
Nicanor Olivera  (Est. La Dulce),3962
Open Door  (Est. Dr. Domingo Cabred),3963
Otros,3964
PINCÉN,3965
Palmira,3966
Pedro Molina,3967
Punta Alta  (Est Almirante Solier),3968
Rodeo De La Cruz,3969
San Bernardo  (Est. Guanaco),3970
San Carlos de Bolívar  (Est. Bolívar),3971
San Francisco Del Monte,3972
San Miguel del Monte  (Est. Monte),3973
Santiago De Liniers,3974
Tres Algarrobos  (Est. Cuenca),3975
VILLA EL CHACAY,3976
VILLA RAMALLO,3977
Villa  Eduardo Madero,3978
Villa  Elisa,3979
Villa  de Trancas,3980
Villa Alsina  (Est. Alsina),3981
Villa Cacique  (Est. Alfredo Fortabat),3982
Villa Del Nahueve,3983
Villa Francia  (Est. Coronel Granada),3984
Villa General Antonio J.  De Sucre,3985
Villa General Arias  (Est. Kilómetro 638),3986
Villa General Fournier  (Est. 9 de Julio Sud),3987
Villa Marqués Alejandro  María De Aguado,3988
Villa Moll  (Est. Moll),3989
Villanueva  (Ap. Río Salado),3990
Vistalba,3991
colonia la plata,3992
la rotonda,3993
